,Year,NOC,Reg_value,Season,Key_hostEffect
6,1920,ESP,0.002650926788857823,Summer,1920SummerESP
7,1924,ESP,0.002476160370897213,Summer,1924SummerESP
9,1928,ESP,0.0018904097851466274,Summer,1928SummerESP
11,1932,ESP,0.002672882398605156,Summer,1932SummerESP
15,1948,ESP,0.0024540814279244865,Summer,1948SummerESP
17,1952,ESP,0.0015383305121735708,Summer,1952SummerESP
19,1956,ESP,0.00150157005382317,Summer,1956SummerESP
21,1960,ESP,0.0007457121551081282,Summer,1960SummerESP
23,1964,ESP,0.0007457121551081282,Summer,1964SummerESP
25,1968,ESP,0.0005678591709256105,Summer,1968SummerESP
27,1972,ESP,0.0016845537549568777,Summer,1972SummerESP
29,1976,ESP,0.004974027439167404,Summer,1976SummerESP
31,1980,ESP,0.0069049188929294495,Summer,1980SummerESP
33,1984,ESP,0.007645234522454356,Summer,1984SummerESP
35,1988,ESP,0.014968399526135774,Summer,1988SummerESP
37,1992,ESP,0.019239859972734457,Summer,1992SummerESP
40,1996,ESP,0.02135971165361068,Summer,1996SummerESP
42,2000,ESP,0.01795428017292594,Summer,2000SummerESP
44,2004,ESP,0.017453661578128627,Summer,2004SummerESP
46,2008,ESP,0.019367305574202128,Summer,2008SummerESP
48,2012,ESP,0.017996006365621764,Summer,2012SummerESP
55,1908,RUS,0.009647095083988288,Summer,1908SummerRUS
56,1912,RUS,0.009647095083988288,Summer,1912SummerRUS
58,1924,RUS,0.05938254481943802,Summer,1924SummerRUS
68,1952,RUS,0.12423465261893209,Summer,1952SummerRUS
70,1956,RUS,0.20029729243996117,Summer,1956SummerRUS
72,1960,RUS,0.21170259222700372,Summer,1960SummerRUS
74,1964,RUS,0.20032529159585835,Summer,1964SummerRUS
76,1968,RUS,0.1804807096964647,Summer,1968SummerRUS
78,1972,RUS,0.18595876850132353,Summer,1972SummerRUS
80,1976,RUS,0.23291936416043177,Summer,1976SummerRUS
82,1980,RUS,0.23751839073276104,Summer,1980SummerRUS
86,1988,RUS,0.19281458496557383,Summer,1988SummerRUS
91,1996,RUS,0.11808311828368474,Summer,1996SummerRUS
93,2000,RUS,0.08969846622215245,Summer,2000SummerRUS
95,2004,RUS,0.08968723039334155,Summer,2004SummerRUS
97,2008,RUS,0.08592383075141696,Summer,2008SummerRUS
99,2012,RUS,0.07271556584387297,Summer,2012SummerRUS
103,1900,USA,0.3896376632472294,Summer,1900SummerUSA
104,1904,USA,0.3855371341467004,Summer,1904SummerUSA
106,1908,USA,0.39142933367800264,Summer,1908SummerUSA
107,1912,USA,0.1879597350471137,Summer,1912SummerUSA
108,1920,USA,0.2263537264754059,Summer,1920SummerUSA
109,1924,USA,0.21297345811302204,Summer,1924SummerUSA
111,1928,USA,0.24238473752430145,Summer,1928SummerUSA
113,1932,USA,0.20143000227312946,Summer,1932SummerUSA
115,1936,USA,0.21257680511748608,Summer,1936SummerUSA
117,1948,USA,0.1692894046872285,Summer,1948SummerUSA
119,1952,USA,0.1770302506334418,Summer,1952SummerUSA
121,1956,USA,0.1642481141156025,Summer,1956SummerUSA
123,1960,USA,0.1690435777136743,Summer,1960SummerUSA
125,1964,USA,0.1856737104440538,Summer,1964SummerUSA
127,1968,USA,0.18610690949838413,Summer,1968SummerUSA
129,1972,USA,0.17635089104743873,Summer,1972SummerUSA
131,1976,USA,0.19232017913066987,Summer,1976SummerUSA
135,1984,USA,0.18258115708223258,Summer,1984SummerUSA
137,1988,USA,0.1821949197369598,Summer,1988SummerUSA
139,1992,USA,0.1359611668404093,Summer,1992SummerUSA
142,1996,USA,0.12522092067577992,Summer,1996SummerUSA
144,2000,USA,0.10951890896797949,Summer,2000SummerUSA
146,2004,USA,0.10761006649554783,Summer,2004SummerUSA
148,2008,USA,0.11040010833114282,Summer,2008SummerUSA
150,2012,USA,0.1155416453367375,Summer,2012SummerUSA
154,1900,GER,0.06720018127137149,Summer,1900SummerGER
155,1904,GER,0.042067906139096355,Summer,1904SummerGER
157,1908,GER,0.0609199687809146,Summer,1908SummerGER
158,1912,GER,0.07981577460371533,Summer,1912SummerGER
162,1928,GER,0.08803718282512356,Summer,1928SummerGER
164,1932,GER,0.14170492824044179,Summer,1932SummerGER
166,1936,GER,0.12183382190317003,Summer,1936SummerGER
170,1952,GER,0.1187786529091364,Summer,1952SummerGER
172,1956,GER,0.06838335306769074,Summer,1956SummerGER
174,1960,GER,0.08482091010987138,Summer,1960SummerGER
176,1964,GER,0.09949489507054705,Summer,1964SummerGER
178,1968,GER,0.12836805667412035,Summer,1968SummerGER
180,1972,GER,0.16581671073279547,Summer,1972SummerGER
182,1976,GER,0.2012988201565525,Summer,1976SummerGER
184,1980,GER,0.17059100540975214,Summer,1980SummerGER
186,1984,GER,0.1644880673209796,Summer,1984SummerGER
188,1988,GER,0.1349653186983376,Summer,1988SummerGER
190,1992,GER,0.13136616248194163,Summer,1992SummerGER
193,1996,GER,0.08568814227235323,Summer,1996SummerGER
195,2000,GER,0.06378960118423184,Summer,2000SummerGER
197,2004,GER,0.05218423844798293,Summer,2004SummerGER
199,2008,GER,0.04718441132234236,Summer,2008SummerGER
201,2012,GER,0.043944879308351024,Summer,2012SummerGER
205,1900,GRE,0.12461170848267622,Summer,1900SummerGRE
206,1904,GRE,0.006622290493258236,Summer,1904SummerGRE
208,1908,GRE,0.008779787796386607,Summer,1908SummerGRE
209,1912,GRE,0.007141052286683355,Summer,1912SummerGRE
210,1920,GRE,0.0037877555296926663,Summer,1920SummerGRE
211,1924,GRE,0.0016302582265642952,Summer,1924SummerGRE
213,1928,GRE,0.0008795074758135443,Summer,1928SummerGRE
215,1932,GRE,0.0,Summer,1932SummerGRE
217,1936,GRE,0.0,Summer,1936SummerGRE
219,1948,GRE,0.0,Summer,1948SummerGRE
221,1952,GRE,0.0007278020378457059,Summer,1952SummerGRE
223,1956,GRE,0.001473514192953834,Summer,1956SummerGRE
225,1960,GRE,0.001473514192953834,Summer,1960SummerGRE
227,1964,GRE,0.0014044736834348738,Summer,1964SummerGRE
229,1968,GRE,0.0017944798701779667,Summer,1968SummerGRE
231,1972,GRE,0.0017944798701779667,Summer,1972SummerGRE
233,1976,GRE,0.0027804551839564844,Summer,1976SummerGRE
235,1980,GRE,0.0026442370919803255,Summer,1980SummerGRE
237,1984,GRE,0.0031084896453693694,Summer,1984SummerGRE
239,1988,GRE,0.00242853813852701,Summer,1988SummerGRE
241,1992,GRE,0.004615019569257284,Summer,1992SummerGRE
244,1996,GRE,0.00885069470928834,Summer,1996SummerGRE
246,2000,GRE,0.013651675139791203,Summer,2000SummerGRE
248,2004,GRE,0.011858936231738984,Summer,2004SummerGRE
250,2008,GRE,0.007852009231319576,Summer,2008SummerGRE
252,2012,GRE,0.004145975700363285,Summer,2012SummerGRE
256,1900,FRA,0.15018642112635439,Summer,1900SummerFRA
257,1904,FRA,0.13973668567661893,Summer,1904SummerFRA
259,1908,FRA,0.03867653613973689,Summer,1908SummerFRA
260,1912,FRA,0.06781858141081443,Summer,1912SummerFRA
261,1920,FRA,0.08289306033753609,Summer,1920SummerFRA
262,1924,FRA,0.09107830229896612,Summer,1924SummerFRA
264,1928,FRA,0.07786178908245288,Summer,1928SummerFRA
266,1932,FRA,0.05805365833470075,Summer,1932SummerFRA
268,1936,FRA,0.05872631023048089,Summer,1936SummerFRA
270,1948,FRA,0.05401673409233332,Summer,1948SummerFRA
272,1952,FRA,0.04883379433738356,Summer,1952SummerFRA
274,1956,FRA,0.027523231482251272,Summer,1956SummerFRA
276,1960,FRA,0.02429123328878301,Summer,1960SummerFRA
278,1964,FRA,0.023983427683844316,Summer,1964SummerFRA
280,1968,FRA,0.02763703613033661,Summer,1968SummerFRA
282,1972,FRA,0.022288717775074823,Summer,1972SummerFRA
284,1976,FRA,0.020082733446664867,Summer,1976SummerFRA
286,1980,FRA,0.026693567722882807,Summer,1980SummerFRA
288,1984,FRA,0.0290964829489668,Summer,1984SummerFRA
290,1988,FRA,0.03541043171378768,Summer,1988SummerFRA
292,1992,FRA,0.03615259348833649,Summer,1992SummerFRA
295,1996,FRA,0.04246280281487824,Summer,1996SummerFRA
297,2000,FRA,0.040365307345458026,Summer,2000SummerFRA
299,2004,FRA,0.0399108804913278,Summer,2004SummerFRA
301,2008,FRA,0.038300142438073476,Summer,2008SummerFRA
303,2012,FRA,0.040826376189847906,Summer,2012SummerFRA
307,1900,GBR,0.07566534832941953,Summer,1900SummerGBR
308,1904,GBR,0.20198809965217088,Summer,1904SummerGBR
310,1908,GBR,0.19794093229733692,Summer,1908SummerGBR
311,1912,GBR,0.22783372831916524,Summer,1912SummerGBR
312,1920,GBR,0.10729373864988795,Summer,1920SummerGBR
313,1924,GBR,0.08450753906246199,Summer,1924SummerGBR
315,1928,GBR,0.06779302234794526,Summer,1928SummerGBR
317,1932,GBR,0.048337121535895165,Summer,1932SummerGBR
319,1936,GBR,0.0480213869725698,Summer,1936SummerGBR
321,1948,GBR,0.040768058290669686,Summer,1948SummerGBR
323,1952,GBR,0.04690844635754268,Summer,1952SummerGBR
325,1956,GBR,0.04069592889632497,Summer,1956SummerGBR
327,1960,GBR,0.0448296247905425,Summer,1960SummerGBR
329,1964,GBR,0.03592627575049325,Summer,1964SummerGBR
331,1968,GBR,0.031233497724991666,Summer,1968SummerGBR
333,1972,GBR,0.026043879741111924,Summer,1972SummerGBR
335,1976,GBR,0.028993137767601068,Summer,1976SummerGBR
337,1980,GBR,0.03726242731362874,Summer,1980SummerGBR
339,1984,GBR,0.04114597379876255,Summer,1984SummerGBR
341,1988,GBR,0.03928066925665474,Summer,1988SummerGBR
343,1992,GBR,0.026763630285101092,Summer,1992SummerGBR
346,1996,GBR,0.02574449018959195,Summer,1996SummerGBR
348,2000,GBR,0.026907447647773725,Summer,2000SummerGBR
350,2004,GBR,0.03765264526727613,Summer,2004SummerGBR
352,2008,GBR,0.05005224660397075,Summer,2008SummerGBR
354,2012,GBR,0.062241779081865733,Summer,2012SummerGBR
358,1900,SWE,0.028753877029739097,Summer,1900SummerSWE
361,1908,SWE,0.09887253938141116,Summer,1908SummerSWE
362,1912,SWE,0.14462173685474655,Summer,1912SummerSWE
363,1920,SWE,0.14367242719831289,Summer,1920SummerSWE
364,1924,SWE,0.09792023658153363,Summer,1924SummerSWE
366,1928,SWE,0.07185021051150754,Summer,1928SummerSWE
368,1932,SWE,0.06333478497505068,Summer,1932SummerSWE
370,1936,SWE,0.07496205345925024,Summer,1936SummerSWE
372,1948,SWE,0.0794390579362547,Summer,1948SummerSWE
374,1952,SWE,0.0762770053931872,Summer,1952SummerSWE
376,1956,SWE,0.04475753810474364,Summer,1956SummerSWE
378,1960,SWE,0.023835015107531842,Summer,1960SummerSWE
380,1964,SWE,0.012641822501770414,Summer,1964SummerSWE
382,1968,SWE,0.01725329630593141,Summer,1968SummerSWE
384,1972,SWE,0.014512529308194919,Summer,1972SummerSWE
386,1976,SWE,0.01845643056330899,Summer,1976SummerSWE
388,1980,SWE,0.018865936202312316,Summer,1980SummerSWE
390,1984,SWE,0.021180977829513625,Summer,1984SummerSWE
392,1988,SWE,0.020390742472669997,Summer,1988SummerSWE
394,1992,SWE,0.014081471779462238,Summer,1992SummerSWE
397,1996,SWE,0.013313088486109006,Summer,1996SummerSWE
399,2000,SWE,0.010046898997054106,Summer,2000SummerSWE
401,2004,SWE,0.008602470782140166,Summer,2004SummerSWE
403,2008,SWE,0.007036078760216692,Summer,2008SummerSWE
405,2012,SWE,0.00828973200151154,Summer,2012SummerSWE
412,1908,BEL,0.03562775554740737,Summer,1908SummerBEL
413,1912,BEL,0.04646963190652511,Summer,1912SummerBEL
414,1920,BEL,0.04943762062649273,Summer,1920SummerBEL
415,1924,BEL,0.04588910532529475,Summer,1924SummerBEL
417,1928,BEL,0.015273324709514126,Summer,1928SummerBEL
419,1932,BEL,0.006266911989957468,Summer,1932SummerBEL
421,1936,BEL,0.008820243675980036,Summer,1936SummerBEL
423,1948,BEL,0.010927924355089288,Summer,1948SummerBEL
425,1952,BEL,0.009956343964761282,Summer,1952SummerBEL
427,1956,BEL,0.00746188429098409,Summer,1956SummerBEL
429,1960,BEL,0.006513141492804422,Summer,1960SummerBEL
431,1964,BEL,0.006375060473766503,Summer,1964SummerBEL
433,1968,BEL,0.00452793019518521,Summer,1968SummerBEL
435,1972,BEL,0.005803325150598514,Summer,1972SummerBEL
437,1976,BEL,0.005034047707980111,Summer,1976SummerBEL
439,1980,BEL,0.005897329865879015,Summer,1980SummerBEL
441,1984,BEL,0.0034757512205633007,Summer,1984SummerBEL
443,1988,BEL,0.004374683609422569,Summer,1988SummerBEL
445,1992,BEL,0.0047651693701264465,Summer,1992SummerBEL
448,1996,BEL,0.005644328760817628,Summer,1996SummerBEL
450,2000,BEL,0.005278231839004353,Summer,2000SummerBEL
452,2004,BEL,0.00358536696482691,Summer,2004SummerBEL
454,2008,BEL,0.0028172035068586795,Summer,2008SummerBEL
456,2012,BEL,0.0037958546605870737,Summer,2012SummerBEL
463,1908,NED,0.013398625082588926,Summer,1908SummerNED
464,1912,NED,0.013610906329352931,Summer,1912SummerNED
465,1920,NED,0.021169086446899802,Summer,1920SummerNED
466,1924,NED,0.04034999448830861,Summer,1924SummerNED
468,1928,NED,0.03941774355605768,Summer,1928SummerNED
470,1932,NED,0.04349720662955205,Summer,1932SummerNED
472,1936,NED,0.03359961444878715,Summer,1936SummerNED
474,1948,NED,0.030052896616355036,Summer,1948SummerNED
476,1952,NED,0.016298851308911674,Summer,1952SummerNED
478,1956,NED,0.006016425958899593,Summer,1956SummerNED
480,1960,NED,0.009152765787592712,Summer,1960SummerNED
482,1964,NED,0.013764096485879932,Summer,1964SummerNED
484,1968,NED,0.0143662558751836,Summer,1968SummerNED
486,1972,NED,0.01024236301299344,Summer,1972SummerNED
488,1976,NED,0.0072757691568114844,Summer,1976SummerNED
490,1980,NED,0.010933224926371337,Summer,1980SummerNED
492,1984,NED,0.012784014000183605,Summer,1984SummerNED
494,1988,NED,0.01837516717255012,Summer,1988SummerNED
496,1992,NED,0.01944512203979989,Summer,1992SummerNED
499,1996,NED,0.023840918993255803,Summer,1996SummerNED
501,2000,NED,0.02453295690671195,Summer,2000SummerNED
503,2004,NED,0.022539221505486748,Summer,2004SummerNED
505,2008,NED,0.020430905948147327,Summer,2008SummerNED
507,2012,NED,0.019025463430449405,Summer,2012SummerNED
515,1912,FIN,0.05886399575719964,Summer,1912SummerFIN
516,1920,FIN,0.08611476707129549,Summer,1920SummerFIN
517,1924,FIN,0.08243377386551946,Summer,1924SummerFIN
519,1928,FIN,0.07980202123376683,Summer,1928SummerFIN
521,1932,FIN,0.06344147440212847,Summer,1932SummerFIN
523,1936,FIN,0.056289400163323317,Summer,1936SummerFIN
525,1948,FIN,0.05002450104128134,Summer,1948SummerFIN
527,1952,FIN,0.04476030183550414,Summer,1952SummerFIN
529,1956,FIN,0.03127446511495715,Summer,1956SummerFIN
531,1960,FIN,0.018103406004360393,Summer,1960SummerFIN
533,1964,FIN,0.009821421549981788,Summer,1964SummerFIN
535,1968,FIN,0.010635734141846029,Summer,1968SummerFIN
537,1972,FIN,0.01052800323280567,Summer,1972SummerFIN
539,1976,FIN,0.012278922031779388,Summer,1976SummerFIN
541,1980,FIN,0.01373305016362488,Summer,1980SummerFIN
543,1984,FIN,0.01223997662508725,Summer,1984SummerFIN
545,1988,FIN,0.010265975050963808,Summer,1988SummerFIN
547,1992,FIN,0.005861964392016102,Summer,1992SummerFIN
550,1996,FIN,0.005451085776435344,Summer,1996SummerFIN
552,2000,FIN,0.003759843158998804,Summer,2000SummerFIN
554,2004,FIN,0.0035600950912492526,Summer,2004SummerFIN
556,2008,FIN,0.0031534645327748767,Summer,2008SummerFIN
558,2012,FIN,0.0027760325178557347,Summer,2012SummerFIN
562,1900,AUS,0.02000885757837927,Summer,1900SummerAUS
563,1904,AUS,0.011675524245045935,Summer,1904SummerAUS
566,1912,AUS,0.007031224773160257,Summer,1912SummerAUS
567,1920,AUS,0.007529297107133519,Summer,1920SummerAUS
568,1924,AUS,0.011427932584716366,Summer,1924SummerAUS
570,1928,AUS,0.013754434911218692,Summer,1928SummerAUS
572,1932,AUS,0.009286451545010564,Summer,1932SummerAUS
574,1936,AUS,0.015559960042388596,Summer,1936SummerAUS
576,1948,AUS,0.019295642349499473,Summer,1948SummerAUS
578,1952,AUS,0.043959652185426044,Summer,1952SummerAUS
580,1956,AUS,0.050193175622843984,Summer,1956SummerAUS
582,1960,AUS,0.05432687151706151,Summer,1960SummerAUS
584,1964,AUS,0.04005274617401649,Summer,1964SummerAUS
586,1968,AUS,0.03330068466737304,Summer,1968SummerAUS
588,1972,AUS,0.02364428834736822,Summer,1972SummerAUS
590,1976,AUS,0.017379552892129335,Summer,1976SummerAUS
592,1980,AUS,0.019719949984894704,Summer,1980SummerAUS
594,1984,AUS,0.02342774927226315,Summer,1984SummerAUS
596,1988,AUS,0.03151814077199656,Summer,1988SummerAUS
598,1992,AUS,0.03585229388659816,Summer,1992SummerAUS
601,1996,AUS,0.050321666309795086,Summer,1996SummerAUS
603,2000,AUS,0.0553150823017639,Summer,2000SummerAUS
605,2004,AUS,0.05500921807302239,Summer,2004SummerAUS
607,2008,AUS,0.046167822029891,Summer,2008SummerAUS
609,2012,AUS,0.038105176480118776,Summer,2012SummerAUS
613,1900,ITA,0.005747126436781609,Summer,1900SummerITA
614,1904,ITA,0.009979930669585841,Summer,1904SummerITA
616,1908,ITA,0.012862793445317718,Summer,1908SummerITA
617,1912,ITA,0.03163156221408649,Summer,1912SummerITA
618,1920,ITA,0.04147087759429897,Summer,1920SummerITA
619,1924,ITA,0.052334065769699706,Summer,1924SummerITA
621,1928,ITA,0.0665323299679639,Summer,1928SummerITA
623,1932,ITA,0.07430487054912195,Summer,1932SummerITA
625,1936,ITA,0.07906834417842212,Summer,1936SummerITA
627,1948,ITA,0.06197432708440503,Summer,1948SummerITA
629,1952,ITA,0.05832471783637292,Summer,1952SummerITA
631,1956,ITA,0.06091370440305114,Summer,1956SummerITA
633,1960,ITA,0.06371288770015975,Summer,1960SummerITA
635,1964,ITA,0.05605802120724503,Summer,1964SummerITA
637,1968,ITA,0.0394338487000134,Summer,1968SummerITA
639,1972,ITA,0.028020164326092157,Summer,1972SummerITA
641,1976,ITA,0.025703664083390542,Summer,1976SummerITA
643,1980,ITA,0.031474203004730555,Summer,1980SummerITA
645,1984,ITA,0.030715223955973925,Summer,1984SummerITA
647,1988,ITA,0.0316570004304452,Summer,1988SummerITA
649,1992,ITA,0.029603666285092544,Summer,1992SummerITA
652,1996,ITA,0.035396249120436964,Summer,1996SummerITA
654,2000,ITA,0.03776231996697091,Summer,2000SummerITA
656,2004,ITA,0.03322803882905611,Summer,2004SummerITA
658,2008,ITA,0.030637929948274783,Summer,2008SummerITA
660,2012,ITA,0.02871848217918746,Summer,2012SummerITA
669,1920,JPN,0.0023810089773150457,Summer,1920SummerJPN
670,1924,JPN,0.0072543033242936025,Summer,1924SummerJPN
672,1928,JPN,0.022236318306308584,Summer,1928SummerJPN
674,1932,JPN,0.03753804060395782,Summer,1932SummerJPN
676,1936,JPN,0.038711609446699595,Summer,1936SummerJPN
680,1952,JPN,0.03460072760656011,Summer,1952SummerJPN
682,1956,JPN,0.03184231662504364,Summer,1956SummerJPN
684,1960,JPN,0.04585077846990145,Summer,1960SummerJPN
686,1964,JPN,0.049947182034693095,Summer,1964SummerJPN
688,1968,JPN,0.05299227919958949,Summer,1968SummerJPN
690,1972,JPN,0.04689563646540218,Summer,1972SummerJPN
692,1976,JPN,0.04591885213029701,Summer,1976SummerJPN
696,1984,JPN,0.03595047192090092,Summer,1984SummerJPN
698,1988,JPN,0.032604428308402024,Summer,1988SummerJPN
700,1992,JPN,0.02268764237639789,Summer,1992SummerJPN
703,1996,JPN,0.02269569881984065,Summer,1996SummerJPN
705,2000,JPN,0.02541639346528204,Summer,2000SummerJPN
707,2004,JPN,0.028548692852679688,Summer,2004SummerJPN
709,2008,JPN,0.03520811382880348,Summer,2008SummerJPN
711,2012,JPN,0.03594961743333489,Summer,2012SummerJPN
721,1924,MEX,0.0011494252873563218,Summer,1924SummerMEX
723,1928,MEX,0.0018315018315018317,Summer,1928SummerMEX
725,1932,MEX,0.004258686297521249,Summer,1932SummerMEX
727,1936,MEX,0.008171049364813894,Summer,1936SummerMEX
729,1948,MEX,0.007095405432027104,Summer,1948SummerMEX
731,1952,MEX,0.006123825041699098,Summer,1952SummerMEX
733,1956,MEX,0.0029571741295145817,Summer,1956SummerMEX
735,1960,MEX,0.002892879163026373,Summer,1960SummerMEX
737,1964,MEX,0.007366128842275672,Summer,1964SummerMEX
739,1968,MEX,0.007188275858093156,Summer,1968SummerMEX
741,1972,MEX,0.007613407509897589,Summer,1972SummerMEX
743,1976,MEX,0.0038775362110972287,Summer,1976SummerMEX
745,1980,MEX,0.006308177789796805,Summer,1980SummerMEX
747,1984,MEX,0.006119988312543625,Summer,1984SummerMEX
749,1988,MEX,0.004409398524034726,Summer,1988SummerMEX
751,1992,MEX,0.0018091454844852064,Summer,1992SummerMEX
754,1996,MEX,0.0030498377746702426,Summer,1996SummerMEX
756,2000,MEX,0.004008886548480232,Summer,2000SummerMEX
758,2004,MEX,0.0046555709178194024,Summer,2004SummerMEX
760,2008,MEX,0.004911875946358705,Summer,2008SummerMEX
762,2012,MEX,0.005186878033925159,Summer,2012SummerMEX
767,1904,CAN,0.026398526287291585,Summer,1904SummerCAN
769,1908,CAN,0.032729664925092425,Summer,1908SummerCAN
770,1912,CAN,0.03231796290048718,Summer,1912SummerCAN
771,1920,CAN,0.01890477587252442,Summer,1920SummerCAN
772,1924,CAN,0.024894669700946604,Summer,1924SummerCAN
774,1928,CAN,0.0327899275962045,Summer,1928SummerCAN
776,1932,CAN,0.036553451091008576,Summer,1932SummerCAN
778,1936,CAN,0.02506345850390702,Summer,1936SummerCAN
780,1948,CAN,0.012679017548037493,Summer,1948SummerCAN
782,1952,CAN,0.009764276377053476,Summer,1952SummerCAN
784,1956,CAN,0.0073800980783274885,Summer,1956SummerCAN
786,1960,CAN,0.007878776111089695,Summer,1960SummerCAN
788,1964,CAN,0.006805771525649189,Summer,1964SummerCAN
790,1968,CAN,0.008899355225169112,Summer,1968SummerCAN
792,1972,CAN,0.012274923708433754,Summer,1972SummerCAN
794,1976,CAN,0.030970121564051403,Summer,1976SummerCAN
798,1984,CAN,0.032773351243313785,Summer,1984SummerCAN
800,1988,CAN,0.03531459904850795,Summer,1988SummerCAN
802,1992,CAN,0.02208704317292125,Summer,1992SummerCAN
805,1996,CAN,0.02250597823194477,Summer,1996SummerCAN
807,2000,CAN,0.01814723453890296,Summer,2000SummerCAN
809,2004,CAN,0.01600368808686559,Summer,2004SummerCAN
811,2008,CAN,0.017179233730957873,Summer,2008SummerCAN
813,2012,CAN,0.020407260934268288,Summer,2012SummerCAN
833,1952,KOR,0.0045322651000385536,Summer,1952SummerKOR
835,1956,KOR,0.0029673198731214948,Summer,1956SummerKOR
837,1960,KOR,0.0035302928723719095,Summer,1960SummerKOR
839,1964,KOR,0.0033922118533339894,Summer,1964SummerKOR
841,1968,KOR,0.0039600710242595994,Summer,1968SummerKOR
843,1972,KOR,0.005235465979672904,Summer,1972SummerKOR
845,1976,KOR,0.013413195296832506,Summer,1976SummerKOR
849,1984,KOR,0.028165670387745336,Summer,1984SummerKOR
851,1988,KOR,0.03832258132933219,Summer,1988SummerKOR
853,1992,KOR,0.0395800171275621,Summer,1992SummerKOR
856,1996,KOR,0.03438260405155157,Summer,1996SummerKOR
858,2000,KOR,0.03168642016868173,Summer,2000SummerKOR
860,2004,KOR,0.03173136348392538,Summer,2004SummerKOR
862,2008,KOR,0.031310452000107174,Summer,2008SummerKOR
864,2012,KOR,0.027708704011129525,Summer,2012SummerKOR
880,1936,CHN,0.0,Summer,1936SummerCHN
882,1948,CHN,0.0,Summer,1948SummerCHN
884,1952,CHN,0.015992003998001,Summer,1952SummerCHN
900,1984,CHN,0.02899107549289422,Summer,1984SummerCHN
902,1988,CHN,0.054557886877361184,Summer,1988SummerCHN
904,1992,CHN,0.05847826838314354,Summer,1992SummerCHN
907,1996,CHN,0.06644810505889384,Summer,1996SummerCHN
909,2000,CHN,0.06358399637712958,Summer,2000SummerCHN
911,2004,CHN,0.07850268018717417,Summer,2004SummerCHN
913,2008,CHN,0.08802580250856112,Summer,2008SummerCHN
915,2012,CHN,0.08935330921196898,Summer,2012SummerCHN
924,1920,BRA,0.0022522522522522522,Summer,1920SummerBRA
925,1924,BRA,0.0022522522522522522,Summer,1924SummerBRA
929,1932,BRA,0.0,Summer,1932SummerBRA
931,1936,BRA,0.000782472613458529,Summer,1936SummerBRA
933,1948,BRA,0.0030500463096036537,Summer,1948SummerBRA
935,1952,BRA,0.0037778483474493595,Summer,1952SummerBRA
937,1956,BRA,0.004486800044207087,Summer,1956SummerBRA
939,1960,BRA,0.0029107892802887948,Summer,1960SummerBRA
941,1964,BRA,0.004159271827423326,Summer,1964SummerBRA
943,1968,BRA,0.0038035658590582903,Summer,1968SummerBRA
945,1972,BRA,0.004228697510862726,Summer,1972SummerBRA
947,1976,BRA,0.004445395382022839,Summer,1976SummerBRA
949,1980,BRA,0.007307678039671868,Summer,1980SummerBRA
951,1984,BRA,0.008976498775974862,Summer,1984SummerBRA
953,1988,BRA,0.008230694322728866,Summer,1988SummerBRA
955,1992,BRA,0.010206408974363623,Summer,1992SummerBRA
958,1996,BRA,0.011759288447955608,Summer,1996SummerBRA
960,2000,BRA,0.013915714048664858,Summer,2000SummerBRA
962,2004,BRA,0.01351496948774232,Summer,2004SummerBRA
964,2008,BRA,0.015067080584321968,Summer,2008SummerBRA
966,2012,BRA,0.017985962390948365,Summer,2012SummerBRA
990,1960,RUS,0.2363539077602872,Winter,1960WinterRUS
992,1964,RUS,0.20926470588235294,Winter,1964WinterRUS
994,1968,RUS,0.17405228758169936,Winter,1968WinterRUS
996,1972,RUS,0.17743909685086157,Winter,1972WinterRUS
998,1976,RUS,0.19843324889764516,Winter,1976WinterRUS
1000,1980,RUS,0.22190324295587452,Winter,1980WinterRUS
1002,1984,RUS,0.21331738437001593,Winter,1984WinterRUS
1004,1988,RUS,0.1915824915824916,Winter,1988WinterRUS
1008,1994,RUS,0.14552788612194553,Winter,1994WinterRUS
1010,1998,RUS,0.09089356002839195,Winter,1998WinterRUS
1012,2002,RUS,0.07740149653632848,Winter,2002WinterRUS
1014,2006,RUS,0.06707837120053908,Winter,2006WinterRUS
1016,2010,RUS,0.08576850965498976,Winter,2010WinterRUS
1029,1928,USA,0.17039532794249776,Winter,1928WinterUSA
1031,1932,USA,0.17138188608776841,Winter,1932WinterUSA
1033,1936,USA,0.16240752711340947,Winter,1936WinterUSA
1035,1948,USA,0.1218958000345182,Winter,1948WinterUSA
1037,1952,USA,0.12861585895010322,Winter,1952WinterUSA
1039,1956,USA,0.12925688459112886,Winter,1956WinterUSA
1041,1960,USA,0.09740633342538894,Winter,1960WinterUSA
1043,1964,USA,0.08120915032679739,Winter,1964WinterUSA
1045,1968,USA,0.06568627450980392,Winter,1968WinterUSA
1047,1972,USA,0.07311348781937017,Winter,1972WinterUSA
1049,1976,USA,0.09153454045094912,Winter,1976WinterUSA
1051,1980,USA,0.08963317384370018,Winter,1980WinterUSA
1053,1984,USA,0.074481658692185,Winter,1984WinterUSA
1055,1988,USA,0.06521553563807085,Winter,1988WinterUSA
1057,1992,USA,0.06504718546972067,Winter,1992WinterUSA
1059,1994,USA,0.07134781553272697,Winter,1994WinterUSA
1061,1998,USA,0.09416713488230082,Winter,1998WinterUSA
1063,2002,USA,0.10316184387700982,Winter,2002WinterUSA
1065,2006,USA,0.1295133162335478,Winter,2006WinterUSA
1067,2010,USA,0.11251081871893855,Winter,2010WinterUSA
1082,1932,GER,0.06342203548085901,Winter,1932WinterGER
1084,1936,GER,0.08991457279429184,Winter,1936WinterGER
1088,1952,GER,0.08343122828277832,Winter,1952WinterGER
1090,1956,GER,0.07754887534160186,Winter,1956WinterGER
1092,1960,GER,0.07213476940071804,Winter,1960WinterGER
1094,1964,GER,0.10274509803921568,Winter,1964WinterGER
1096,1968,GER,0.13150326797385622,Winter,1968WinterGER
1098,1972,GER,0.1899702911467617,Winter,1972WinterGER
1100,1976,GER,0.23184163617600148,Winter,1976WinterGER
1102,1980,GER,0.25459861775651244,Winter,1980WinterGER
1104,1984,GER,0.2500531632110579,Winter,1984WinterGER
1106,1988,GER,0.22921468203158343,Winter,1988WinterGER
1108,1992,GER,0.18881064162754302,Winter,1992WinterGER
1110,1994,GER,0.15333209377275756,Winter,1994WinterGER
1112,1998,GER,0.14380137584573907,Winter,1998WinterGER
1114,2002,GER,0.137716719761083,Winter,2002WinterGER
1116,2006,GER,0.12862162420501577,Winter,2006WinterGER
1118,2010,GER,0.09858840483594129,Winter,2010WinterGER
1131,1928,FRA,0.03513776579814316,Winter,1928WinterFRA
1133,1932,FRA,0.022805788982259573,Winter,1932WinterFRA
1135,1936,FRA,0.04011348128995188,Winter,1936WinterFRA
1137,1948,FRA,0.0371520977315534,Winter,1948WinterFRA
1139,1952,FRA,0.0306161500191351,Winter,1952WinterFRA
1141,1956,FRA,0.01747512437810946,Winter,1956WinterFRA
1143,1960,FRA,0.03537581699346406,Winter,1960WinterFRA
1145,1964,FRA,0.06537581699346405,Winter,1964WinterFRA
1147,1968,FRA,0.06267973856209151,Winter,1968WinterFRA
1149,1972,FRA,0.042834224598930486,Winter,1972WinterFRA
1151,1976,FRA,0.015758201207117614,Winter,1976WinterFRA
1153,1980,FRA,0.015045188729399256,Winter,1980WinterFRA
1155,1984,FRA,0.017065390749601273,Winter,1984WinterFRA
1157,1988,FRA,0.035268174704794424,Winter,1988WinterFRA
1159,1992,FRA,0.03543652487314459,Winter,1992WinterFRA
1161,1994,FRA,0.04358733995465274,Winter,1994WinterFRA
1163,1998,FRA,0.03819734620100065,Winter,1998WinterFRA
1165,2002,FRA,0.04084284884650329,Winter,2002WinterFRA
1167,2006,FRA,0.04185341501939965,Winter,2006WinterFRA
1169,2010,FRA,0.04306580075204435,Winter,2010WinterFRA
1182,1928,SUI,0.03513776579814316,Winter,1928WinterSUI
1184,1932,SUI,0.035877684407096176,Winter,1932WinterSUI
1186,1936,SUI,0.073698197227609,Winter,1936WinterSUI
1188,1948,SUI,0.07571193804731997,Winter,1948WinterSUI
1190,1952,SUI,0.08427310899457212,Winter,1952WinterSUI
1192,1956,SUI,0.04645259617405928,Winter,1956WinterSUI
1194,1960,SUI,0.03650234741784037,Winter,1960WinterSUI
1196,1964,SUI,0.028333333333333332,Winter,1964WinterSUI
1198,1968,SUI,0.05267973856209151,Winter,1968WinterSUI
1200,1972,SUI,0.06783125371360665,Winter,1972WinterSUI
1202,1976,SUI,0.062451136754542336,Winter,1976WinterSUI
1204,1980,SUI,0.044922913343965976,Winter,1980WinterSUI
1206,1984,SUI,0.0676501860712387,Winter,1984WinterSUI
1208,1988,SUI,0.06007255655142979,Winter,1988WinterSUI
1210,1992,SUI,0.06158770806658131,Winter,1992WinterSUI
1212,1994,SUI,0.03526007530330499,Winter,1994WinterSUI
1214,1998,SUI,0.04395458859190641,Winter,1998WinterSUI
1216,2002,SUI,0.045806440443758256,Winter,2002WinterSUI
1218,2006,SUI,0.04588319230499089,Winter,2006WinterSUI
1220,2010,SUI,0.04257580402633615,Winter,2010WinterSUI
1233,1928,NOR,0.31128331835879003,Winter,1928WinterNOR
1235,1932,NOR,0.3024042950513539,Winter,1932WinterNOR
1237,1936,NOR,0.22868634633340515,Winter,1936WinterNOR
1239,1948,NOR,0.22892325701807703,Winter,1948WinterNOR
1241,1952,NOR,0.14966338405480722,Winter,1952WinterNOR
1243,1956,NOR,0.12338133277275594,Winter,1956WinterNOR
1245,1960,NOR,0.09279895056614196,Winter,1960WinterNOR
1247,1964,NOR,0.12068627450980392,Winter,1964WinterNOR
1249,1968,NOR,0.13490196078431374,Winter,1968WinterNOR
1251,1972,NOR,0.10709447415329769,Winter,1972WinterNOR
1253,1976,NOR,0.08966757356850236,Winter,1976WinterNOR
1255,1980,NOR,0.07772461456671982,Winter,1980WinterNOR
1257,1984,NOR,0.06913875598086124,Winter,1984WinterNOR
1259,1988,NOR,0.07980509318537488,Winter,1988WinterNOR
1261,1992,NOR,0.0951249585052402,Winter,1992WinterNOR
1263,1994,NOR,0.11880232624201387,Winter,1994WinterNOR
1265,1998,NOR,0.11323098690412675,Winter,1998WinterNOR
1267,2002,NOR,0.0957706694438093,Winter,2002WinterNOR
1269,2006,NOR,0.08918280135467481,Winter,2006WinterNOR
1271,2010,NOR,0.08422656847962327,Winter,2010WinterNOR
1284,1928,ITA,0.0,Winter,1928WinterITA
1286,1932,ITA,0.0,Winter,1932WinterITA
1288,1936,ITA,0.005128205128205128,Winter,1936WinterITA
1290,1948,ITA,0.015078453884424034,Winter,1948WinterITA
1292,1952,ITA,0.029162960926677556,Winter,1952WinterITA
1294,1956,ITA,0.028201422465139094,Winter,1956WinterITA
1296,1960,ITA,0.031323069133756785,Winter,1960WinterITA
1298,1964,ITA,0.030571895424836598,Winter,1964WinterITA
1300,1968,ITA,0.04274509803921569,Winter,1968WinterITA
1302,1972,ITA,0.0417944147355912,Winter,1972WinterITA
1304,1976,ITA,0.03430903461863214,Winter,1976WinterITA
1306,1980,ITA,0.024029771398192446,Winter,1980WinterITA
1308,1984,ITA,0.024534821903242954,Winter,1984WinterITA
1310,1988,ITA,0.05155071845212691,Winter,1988WinterITA
1312,1992,ITA,0.08252714942855788,Winter,1992WinterITA
1314,1994,ITA,0.08640253696731175,Winter,1994WinterITA
1316,1998,ITA,0.07213668434082321,Winter,1998WinterITA
1318,2002,ITA,0.04964991185405073,Winter,2002WinterITA
1320,2006,ITA,0.03960821000944766,Winter,2006WinterITA
1322,2010,ITA,0.030049760893276854,Winter,2010WinterITA
1337,1932,JPN,0.0,Winter,1932WinterJPN
1339,1936,JPN,0.0,Winter,1936WinterJPN
1343,1952,JPN,0.004694835680751174,Winter,1952WinterJPN
1345,1956,JPN,0.004694835680751174,Winter,1956WinterJPN
1347,1960,JPN,0.004694835680751174,Winter,1960WinterJPN
1349,1964,JPN,0.0,Winter,1964WinterJPN
1351,1968,JPN,0.00980392156862745,Winter,1968WinterJPN
1353,1972,JPN,0.00980392156862745,Winter,1972WinterJPN
1355,1976,JPN,0.012727898176814585,Winter,1976WinterJPN
1357,1980,JPN,0.005954279638490164,Winter,1980WinterJPN
1359,1984,JPN,0.00847953216374269,Winter,1984WinterJPN
1361,1988,JPN,0.021987480438184662,Winter,1988WinterJPN
1363,1992,JPN,0.028216436667140892,Winter,1992WinterJPN
1365,1994,JPN,0.04219283430690487,Winter,1994WinterJPN
1367,1998,JPN,0.028622139753317247,Winter,1998WinterJPN
1369,2002,JPN,0.02068563181680931,Winter,2002WinterJPN
1371,2006,JPN,0.010643929972206244,Winter,2006WinterJPN
1373,2010,JPN,0.016822247665763627,Winter,2010WinterJPN
1386,1928,AUT,0.0680742737346511,Winter,1928WinterAUT
1388,1932,AUT,0.07535014005602242,Winter,1932WinterAUT
1390,1936,AUT,0.0830424477483301,Winter,1936WinterAUT
1392,1948,AUT,0.10697042690018983,Winter,1948WinterAUT
1394,1952,AUT,0.13246982853877956,Winter,1952WinterAUT
1396,1956,AUT,0.11644418751313852,Winter,1956WinterAUT
1398,1960,AUT,0.11585887876277272,Winter,1960WinterAUT
1400,1964,AUT,0.10088235294117646,Winter,1964WinterAUT
1402,1968,AUT,0.09222222222222222,Winter,1968WinterAUT
1404,1972,AUT,0.0711883541295306,Winter,1972WinterAUT
1406,1976,AUT,0.05498952372017387,Winter,1976WinterAUT
1408,1980,AUT,0.04167995746943115,Winter,1980WinterAUT
1410,1984,AUT,0.04875066454013823,Winter,1984WinterAUT
1412,1988,AUT,0.0775786029307156,Winter,1988WinterAUT
1414,1992,AUT,0.09121496656707924,Winter,1992WinterAUT
1416,1994,AUT,0.09401524659508205,Winter,1994WinterAUT
1418,1998,AUT,0.06903992974404737,Winter,1998WinterAUT
1420,2002,AUT,0.08279654350066112,Winter,2002WinterAUT
1422,2006,AUT,0.07541557284545607,Winter,2006WinterAUT
1424,2010,AUT,0.070304154596626,Winter,2010WinterAUT
1437,1928,CAN,0.07017819706498951,Winter,1928WinterCAN
1439,1932,CAN,0.0704248366013072,Winter,1932WinterCAN
1441,1936,CAN,0.07747611865258924,Winter,1936WinterCAN
1443,1948,CAN,0.0318708118532526,Winter,1948WinterCAN
1445,1952,CAN,0.039419371183087824,Winter,1952WinterCAN
1447,1956,CAN,0.0407014224651391,Winter,1956WinterCAN
1449,1960,CAN,0.040555095277547644,Winter,1960WinterCAN
1451,1964,CAN,0.03647058823529412,Winter,1964WinterCAN
1453,1968,CAN,0.02307189542483661,Winter,1968WinterCAN
1455,1972,CAN,0.022358882947118252,Winter,1972WinterCAN
1457,1976,CAN,0.01820683616349252,Winter,1976WinterCAN
1459,1980,CAN,0.02706007442849549,Winter,1980WinterCAN
1461,1984,CAN,0.030595427963849026,Winter,1984WinterCAN
1463,1988,CAN,0.04117939963010386,Winter,1988WinterCAN
1465,1992,CAN,0.05313226158296582,Winter,1992WinterCAN
1467,1994,CAN,0.06525847420422794,Winter,1994WinterCAN
1469,1998,CAN,0.07314700711845148,Winter,1998WinterCAN
1471,2002,CAN,0.08081896479040916,Winter,2002WinterCAN
1473,2006,CAN,0.08965822080903428,Winter,2006WinterCAN
1475,2010,CAN,0.09358635058280308,Winter,2010WinterCAN
