,Year,NOC,Share_value,Season,Key_hostEffect
1,1900,ESP,0.0034482758620689655,Summer,1900SummerESP
6,1920,ESP,0.0045045045045045045,Summer,1920SummerESP
7,1924,ESP,0.0,Summer,1924SummerESP
8,1924,ESP,0.0,Summer,1924SummerESP
9,1928,ESP,0.0029239766081871343,Summer,1928SummerESP
10,1928,ESP,0.0029239766081871343,Summer,1928SummerESP
11,1932,ESP,0.0027472527472527475,Summer,1932SummerESP
12,1932,ESP,0.0027472527472527475,Summer,1932SummerESP
15,1948,ESP,0.002347417840375587,Summer,1948SummerESP
16,1948,ESP,0.002347417840375587,Summer,1948SummerESP
17,1952,ESP,0.0022675736961451248,Summer,1952SummerESP
18,1952,ESP,0.0022675736961451248,Summer,1952SummerESP
19,1956,ESP,0.0,Summer,1956SummerESP
20,1956,ESP,0.0,Summer,1956SummerESP
21,1960,ESP,0.0022371364653243847,Summer,1960SummerESP
22,1960,ESP,0.0022371364653243847,Summer,1960SummerESP
23,1964,ESP,0.0,Summer,1964SummerESP
24,1964,ESP,0.0,Summer,1964SummerESP
25,1968,ESP,0.0,Summer,1968SummerESP
26,1968,ESP,0.0,Summer,1968SummerESP
27,1972,ESP,0.0017035775127768314,Summer,1972SummerESP
28,1972,ESP,0.0017035775127768314,Summer,1972SummerESP
29,1976,ESP,0.0033500837520938024,Summer,1976SummerESP
30,1976,ESP,0.0033500837520938024,Summer,1976SummerESP
31,1980,ESP,0.009868421052631578,Summer,1980SummerESP
32,1980,ESP,0.009868421052631578,Summer,1980SummerESP
33,1984,ESP,0.0074962518740629685,Summer,1984SummerESP
34,1984,ESP,0.0074962518740629685,Summer,1984SummerESP
35,1988,ESP,0.005571030640668524,Summer,1988SummerESP
36,1988,ESP,0.005571030640668524,Summer,1988SummerESP
37,1992,ESP,0.03183791606367583,Summer,1992SummerESP
38,1992,ESP,0.03183791606367583,Summer,1992SummerESP
40,1996,ESP,0.02031063321385902,Summer,1996SummerESP
42,2000,ESP,0.01193058568329718,Summer,2000SummerESP
44,2004,ESP,0.021621621621621623,Summer,2004SummerESP
46,2008,ESP,0.018808777429467086,Summer,2008SummerESP
48,2012,ESP,0.017671517671517672,Summer,2012SummerESP
50,2016,ESP,0.017507723995880537,Summer,2016SummerESP
52,1900,RUS,0.0,Summer,1900SummerRUS
55,1908,RUS,0.009523809523809525,Summer,1908SummerRUS
56,1912,RUS,0.019417475728155338,Summer,1912SummerRUS
58,1924,RUS,0.0,Summer,1924SummerRUS
59,1924,RUS,0.0,Summer,1924SummerRUS
68,1952,RUS,0.15873015873015872,Summer,1952SummerRUS
69,1952,RUS,0.15873015873015872,Summer,1952SummerRUS
70,1956,RUS,0.21397379912663755,Summer,1956SummerRUS
71,1956,RUS,0.21397379912663755,Summer,1956SummerRUS
72,1960,RUS,0.22818791946308725,Summer,1960SummerRUS
73,1960,RUS,0.22818791946308725,Summer,1960SummerRUS
74,1964,RUS,0.19294605809128632,Summer,1964SummerRUS
75,1964,RUS,0.19294605809128632,Summer,1964SummerRUS
76,1968,RUS,0.17984189723320157,Summer,1968SummerRUS
77,1968,RUS,0.17984189723320157,Summer,1968SummerRUS
78,1972,RUS,0.1686541737649063,Summer,1972SummerRUS
79,1972,RUS,0.1686541737649063,Summer,1972SummerRUS
80,1976,RUS,0.20938023450586266,Summer,1976SummerRUS
81,1976,RUS,0.20938023450586266,Summer,1976SummerRUS
82,1980,RUS,0.3207236842105263,Summer,1980SummerRUS
83,1980,RUS,0.3207236842105263,Summer,1980SummerRUS
86,1988,RUS,0.18245125348189414,Summer,1988SummerRUS
87,1988,RUS,0.18245125348189414,Summer,1988SummerRUS
91,1996,RUS,0.07526881720430108,Summer,1996SummerRUS
93,2000,RUS,0.09652928416485901,Summer,2000SummerRUS
95,2004,RUS,0.0972972972972973,Summer,2004SummerRUS
97,2008,RUS,0.07523510971786834,Summer,2008SummerRUS
99,2012,RUS,0.08523908523908524,Summer,2012SummerRUS
101,2016,RUS,0.057672502574665295,Summer,2016SummerRUS
102,1896,USA,0.15833333333333333,Summer,1896SummerUSA
103,1900,USA,0.18620689655172415,Summer,1900SummerUSA
104,1904,USA,0.8243727598566308,Summer,1904SummerUSA
105,1906,USA,0.10267857142857142,Summer,1906SummerUSA
106,1908,USA,0.14603174603174604,Summer,1908SummerUSA
107,1912,USA,0.20388349514563106,Summer,1912SummerUSA
108,1920,USA,0.21396396396396397,Summer,1920SummerUSA
109,1924,USA,0.2612137203166227,Summer,1924SummerUSA
110,1924,USA,0.2612137203166227,Summer,1924SummerUSA
111,1928,USA,0.16374269005847952,Summer,1928SummerUSA
112,1928,USA,0.16374269005847952,Summer,1928SummerUSA
113,1932,USA,0.3021978021978022,Summer,1932SummerUSA
114,1932,USA,0.3021978021978022,Summer,1932SummerUSA
115,1936,USA,0.1383495145631068,Summer,1936SummerUSA
116,1936,USA,0.1383495145631068,Summer,1936SummerUSA
117,1948,USA,0.19718309859154928,Summer,1948SummerUSA
118,1948,USA,0.19718309859154928,Summer,1948SummerUSA
119,1952,USA,0.17233560090702948,Summer,1952SummerUSA
120,1952,USA,0.17233560090702948,Summer,1952SummerUSA
121,1956,USA,0.1615720524017467,Summer,1956SummerUSA
122,1956,USA,0.1615720524017467,Summer,1956SummerUSA
123,1960,USA,0.15883668903803133,Summer,1960SummerUSA
124,1960,USA,0.15883668903803133,Summer,1960SummerUSA
125,1964,USA,0.18672199170124482,Summer,1964SummerUSA
126,1964,USA,0.18672199170124482,Summer,1964SummerUSA
127,1968,USA,0.21146245059288538,Summer,1968SummerUSA
128,1968,USA,0.21146245059288538,Summer,1968SummerUSA
129,1972,USA,0.16013628620102216,Summer,1972SummerUSA
130,1972,USA,0.16013628620102216,Summer,1972SummerUSA
131,1976,USA,0.1574539363484087,Summer,1976SummerUSA
132,1976,USA,0.1574539363484087,Summer,1976SummerUSA
135,1984,USA,0.2593703148425787,Summer,1984SummerUSA
136,1984,USA,0.2593703148425787,Summer,1984SummerUSA
137,1988,USA,0.1309192200557103,Summer,1988SummerUSA
138,1988,USA,0.1309192200557103,Summer,1988SummerUSA
139,1992,USA,0.15629522431259044,Summer,1992SummerUSA
140,1992,USA,0.15629522431259044,Summer,1992SummerUSA
142,1996,USA,0.12066905615292713,Summer,1996SummerUSA
144,2000,USA,0.09869848156182212,Summer,2000SummerUSA
146,2004,USA,0.10918918918918918,Summer,2004SummerUSA
148,2008,USA,0.11494252873563218,Summer,2008SummerUSA
150,2012,USA,0.10706860706860707,Summer,2012SummerUSA
152,2016,USA,0.12461380020597322,Summer,2016SummerUSA
153,1896,GER,0.11666666666666667,Summer,1896SummerGER
154,1900,GER,0.027586206896551724,Summer,1900SummerGER
155,1904,GER,0.05734767025089606,Summer,1904SummerGER
156,1906,GER,0.0625,Summer,1906SummerGER
157,1908,GER,0.04126984126984127,Summer,1908SummerGER
158,1912,GER,0.08414239482200647,Summer,1912SummerGER
162,1928,GER,0.11403508771929824,Summer,1928SummerGER
163,1928,GER,0.11403508771929824,Summer,1928SummerGER
164,1932,GER,0.06593406593406594,Summer,1932SummerGER
165,1932,GER,0.06593406593406594,Summer,1932SummerGER
166,1936,GER,0.24514563106796117,Summer,1936SummerGER
167,1936,GER,0.24514563106796117,Summer,1936SummerGER
170,1952,GER,0.05442176870748299,Summer,1952SummerGER
171,1952,GER,0.05442176870748299,Summer,1952SummerGER
172,1956,GER,0.056768558951965066,Summer,1956SummerGER
173,1956,GER,0.056768558951965066,Summer,1956SummerGER
174,1960,GER,0.09395973154362416,Summer,1960SummerGER
175,1960,GER,0.09395973154362416,Summer,1960SummerGER
176,1964,GER,0.1037344398340249,Summer,1964SummerGER
177,1964,GER,0.1037344398340249,Summer,1964SummerGER
178,1968,GER,0.1007905138339921,Summer,1968SummerGER
179,1968,GER,0.1007905138339921,Summer,1968SummerGER
180,1972,GER,0.18057921635434412,Summer,1972SummerGER
181,1972,GER,0.18057921635434412,Summer,1972SummerGER
182,1976,GER,0.21608040201005024,Summer,1976SummerGER
183,1976,GER,0.21608040201005024,Summer,1976SummerGER
184,1980,GER,0.20723684210526316,Summer,1980SummerGER
185,1980,GER,0.20723684210526316,Summer,1980SummerGER
186,1984,GER,0.08845577211394302,Summer,1984SummerGER
187,1984,GER,0.08845577211394302,Summer,1984SummerGER
188,1988,GER,0.1977715877437326,Summer,1988SummerGER
189,1988,GER,0.1977715877437326,Summer,1988SummerGER
190,1992,GER,0.11866859623733719,Summer,1992SummerGER
191,1992,GER,0.11866859623733719,Summer,1992SummerGER
193,1996,GER,0.07765830346475508,Summer,1996SummerGER
195,2000,GER,0.06073752711496746,Summer,2000SummerGER
197,2004,GER,0.05297297297297297,Summer,2004SummerGER
199,2008,GER,0.042842215256008356,Summer,2008SummerGER
201,2012,GER,0.04573804573804574,Summer,2012SummerGER
203,2016,GER,0.04325437693099897,Summer,2016SummerGER
204,1896,GRE,0.36666666666666664,Summer,1896SummerGRE
205,1900,GRE,0.0,Summer,1900SummerGRE
206,1904,GRE,0.007168458781362007,Summer,1904SummerGRE
207,1906,GRE,0.15625,Summer,1906SummerGRE
208,1908,GRE,0.012698412698412698,Summer,1908SummerGRE
209,1912,GRE,0.006472491909385114,Summer,1912SummerGRE
210,1920,GRE,0.0022522522522522522,Summer,1920SummerGRE
211,1924,GRE,0.002638522427440633,Summer,1924SummerGRE
212,1924,GRE,0.002638522427440633,Summer,1924SummerGRE
213,1928,GRE,0.0,Summer,1928SummerGRE
214,1928,GRE,0.0,Summer,1928SummerGRE
215,1932,GRE,0.0,Summer,1932SummerGRE
216,1932,GRE,0.0,Summer,1932SummerGRE
217,1936,GRE,0.0,Summer,1936SummerGRE
218,1936,GRE,0.0,Summer,1936SummerGRE
219,1948,GRE,0.0,Summer,1948SummerGRE
220,1948,GRE,0.0,Summer,1948SummerGRE
221,1952,GRE,0.0,Summer,1952SummerGRE
222,1952,GRE,0.0,Summer,1952SummerGRE
223,1956,GRE,0.002183406113537118,Summer,1956SummerGRE
224,1956,GRE,0.002183406113537118,Summer,1956SummerGRE
225,1960,GRE,0.0022371364653243847,Summer,1960SummerGRE
226,1960,GRE,0.0022371364653243847,Summer,1960SummerGRE
227,1964,GRE,0.0,Summer,1964SummerGRE
228,1964,GRE,0.0,Summer,1964SummerGRE
229,1968,GRE,0.001976284584980237,Summer,1968SummerGRE
230,1968,GRE,0.001976284584980237,Summer,1968SummerGRE
231,1972,GRE,0.0034071550255536627,Summer,1972SummerGRE
232,1972,GRE,0.0034071550255536627,Summer,1972SummerGRE
233,1976,GRE,0.0,Summer,1976SummerGRE
234,1976,GRE,0.0,Summer,1976SummerGRE
235,1980,GRE,0.004934210526315789,Summer,1980SummerGRE
236,1980,GRE,0.004934210526315789,Summer,1980SummerGRE
237,1984,GRE,0.0029985007496251873,Summer,1984SummerGRE
238,1984,GRE,0.0029985007496251873,Summer,1984SummerGRE
239,1988,GRE,0.001392757660167131,Summer,1988SummerGRE
240,1988,GRE,0.001392757660167131,Summer,1988SummerGRE
241,1992,GRE,0.002894356005788712,Summer,1992SummerGRE
242,1992,GRE,0.002894356005788712,Summer,1992SummerGRE
244,1996,GRE,0.009557945041816009,Summer,1996SummerGRE
246,2000,GRE,0.014099783080260303,Summer,2000SummerGRE
248,2004,GRE,0.017297297297297298,Summer,2004SummerGRE
250,2008,GRE,0.0041797283176593526,Summer,2008SummerGRE
252,2012,GRE,0.002079002079002079,Summer,2012SummerGRE
254,2016,GRE,0.006179196704428424,Summer,2016SummerGRE
255,1896,FRA,0.09166666666666666,Summer,1896SummerFRA
256,1900,FRA,0.35172413793103446,Summer,1900SummerFRA
257,1904,FRA,0.007168458781362007,Summer,1904SummerFRA
258,1906,FRA,0.18303571428571427,Summer,1906SummerFRA
259,1908,FRA,0.06031746031746032,Summer,1908SummerFRA
260,1912,FRA,0.04854368932038835,Summer,1912SummerFRA
261,1920,FRA,0.0945945945945946,Summer,1920SummerFRA
262,1924,FRA,0.10554089709762533,Summer,1924SummerFRA
263,1924,FRA,0.10554089709762533,Summer,1924SummerFRA
264,1928,FRA,0.07309941520467836,Summer,1928SummerFRA
265,1928,FRA,0.07309941520467836,Summer,1928SummerFRA
266,1932,FRA,0.054945054945054944,Summer,1932SummerFRA
267,1932,FRA,0.054945054945054944,Summer,1932SummerFRA
268,1936,FRA,0.04611650485436893,Summer,1936SummerFRA
269,1936,FRA,0.04611650485436893,Summer,1936SummerFRA
270,1948,FRA,0.07511737089201878,Summer,1948SummerFRA
271,1948,FRA,0.07511737089201878,Summer,1948SummerFRA
272,1952,FRA,0.04081632653061224,Summer,1952SummerFRA
273,1952,FRA,0.04081632653061224,Summer,1952SummerFRA
274,1956,FRA,0.03056768558951965,Summer,1956SummerFRA
275,1956,FRA,0.03056768558951965,Summer,1956SummerFRA
276,1960,FRA,0.011185682326621925,Summer,1960SummerFRA
277,1960,FRA,0.011185682326621925,Summer,1960SummerFRA
278,1964,FRA,0.03112033195020747,Summer,1964SummerFRA
279,1964,FRA,0.03112033195020747,Summer,1964SummerFRA
280,1968,FRA,0.029644268774703556,Summer,1968SummerFRA
281,1968,FRA,0.029644268774703556,Summer,1968SummerFRA
282,1972,FRA,0.022146507666098807,Summer,1972SummerFRA
283,1972,FRA,0.022146507666098807,Summer,1972SummerFRA
284,1976,FRA,0.01507537688442211,Summer,1976SummerFRA
285,1976,FRA,0.01507537688442211,Summer,1976SummerFRA
286,1980,FRA,0.023026315789473683,Summer,1980SummerFRA
287,1980,FRA,0.023026315789473683,Summer,1980SummerFRA
288,1984,FRA,0.041979010494752625,Summer,1984SummerFRA
289,1984,FRA,0.041979010494752625,Summer,1984SummerFRA
290,1988,FRA,0.022284122562674095,Summer,1988SummerFRA
291,1988,FRA,0.022284122562674095,Summer,1988SummerFRA
292,1992,FRA,0.041968162083936326,Summer,1992SummerFRA
293,1992,FRA,0.041968162083936326,Summer,1992SummerFRA
295,1996,FRA,0.04420549581839905,Summer,1996SummerFRA
297,2000,FRA,0.04121475054229935,Summer,2000SummerFRA
299,2004,FRA,0.03567567567567568,Summer,2004SummerFRA
301,2008,FRA,0.042842215256008356,Summer,2008SummerFRA
303,2012,FRA,0.036382536382536385,Summer,2012SummerFRA
305,2016,FRA,0.04325437693099897,Summer,2016SummerFRA
306,1896,GBR,0.075,Summer,1896SummerGBR
307,1900,GBR,0.14482758620689656,Summer,1900SummerGBR
308,1904,GBR,0.007168458781362007,Summer,1904SummerGBR
309,1906,GBR,0.11160714285714286,Summer,1906SummerGBR
310,1908,GBR,0.45396825396825397,Summer,1908SummerGBR
311,1912,GBR,0.13268608414239483,Summer,1912SummerGBR
312,1920,GBR,0.09684684684684684,Summer,1920SummerGBR
313,1924,GBR,0.09234828496042216,Summer,1924SummerGBR
314,1924,GBR,0.09234828496042216,Summer,1924SummerGBR
315,1928,GBR,0.06432748538011696,Summer,1928SummerGBR
316,1928,GBR,0.06432748538011696,Summer,1928SummerGBR
317,1932,GBR,0.046703296703296704,Summer,1932SummerGBR
318,1932,GBR,0.046703296703296704,Summer,1932SummerGBR
319,1936,GBR,0.03398058252427184,Summer,1936SummerGBR
320,1936,GBR,0.03398058252427184,Summer,1936SummerGBR
321,1948,GBR,0.06338028169014084,Summer,1948SummerGBR
322,1948,GBR,0.06338028169014084,Summer,1948SummerGBR
323,1952,GBR,0.024943310657596373,Summer,1952SummerGBR
324,1952,GBR,0.024943310657596373,Summer,1952SummerGBR
325,1956,GBR,0.05240174672489083,Summer,1956SummerGBR
326,1956,GBR,0.05240174672489083,Summer,1956SummerGBR
327,1960,GBR,0.0447427293064877,Summer,1960SummerGBR
328,1960,GBR,0.0447427293064877,Summer,1960SummerGBR
329,1964,GBR,0.03734439834024896,Summer,1964SummerGBR
330,1964,GBR,0.03734439834024896,Summer,1964SummerGBR
331,1968,GBR,0.025691699604743084,Summer,1968SummerGBR
332,1968,GBR,0.025691699604743084,Summer,1968SummerGBR
333,1972,GBR,0.030664395229982964,Summer,1972SummerGBR
334,1972,GBR,0.030664395229982964,Summer,1972SummerGBR
335,1976,GBR,0.021775544388609715,Summer,1976SummerGBR
336,1976,GBR,0.021775544388609715,Summer,1976SummerGBR
337,1980,GBR,0.03453947368421053,Summer,1980SummerGBR
338,1980,GBR,0.03453947368421053,Summer,1980SummerGBR
339,1984,GBR,0.05547226386806597,Summer,1984SummerGBR
340,1984,GBR,0.05547226386806597,Summer,1984SummerGBR
341,1988,GBR,0.033426183844011144,Summer,1988SummerGBR
342,1988,GBR,0.033426183844011144,Summer,1988SummerGBR
343,1992,GBR,0.02894356005788712,Summer,1992SummerGBR
344,1992,GBR,0.02894356005788712,Summer,1992SummerGBR
346,1996,GBR,0.017921146953405017,Summer,1996SummerGBR
348,2000,GBR,0.03036876355748373,Summer,2000SummerGBR
350,2004,GBR,0.032432432432432434,Summer,2004SummerGBR
352,2008,GBR,0.050156739811912224,Summer,2008SummerGBR
354,2012,GBR,0.06756756756756757,Summer,2012SummerGBR
356,2016,GBR,0.0690010298661174,Summer,2016SummerGBR
357,1896,SWE,0.0,Summer,1896SummerSWE
358,1900,SWE,0.006896551724137931,Summer,1900SummerSWE
360,1906,SWE,0.0625,Summer,1906SummerSWE
361,1908,SWE,0.07936507936507936,Summer,1908SummerSWE
362,1912,SWE,0.21035598705501618,Summer,1912SummerSWE
363,1920,SWE,0.14414414414414414,Summer,1920SummerSWE
364,1924,SWE,0.07651715039577836,Summer,1924SummerSWE
365,1924,SWE,0.07651715039577836,Summer,1924SummerSWE
366,1928,SWE,0.07309941520467836,Summer,1928SummerSWE
367,1928,SWE,0.07309941520467836,Summer,1928SummerSWE
368,1932,SWE,0.06593406593406594,Summer,1932SummerSWE
369,1932,SWE,0.06593406593406594,Summer,1932SummerSWE
370,1936,SWE,0.050970873786407765,Summer,1936SummerSWE
371,1936,SWE,0.050970873786407765,Summer,1936SummerSWE
372,1948,SWE,0.107981220657277,Summer,1948SummerSWE
373,1948,SWE,0.107981220657277,Summer,1948SummerSWE
374,1952,SWE,0.07936507936507936,Summer,1952SummerSWE
375,1952,SWE,0.07936507936507936,Summer,1952SummerSWE
376,1956,SWE,0.04148471615720524,Summer,1956SummerSWE
377,1956,SWE,0.04148471615720524,Summer,1956SummerSWE
378,1960,SWE,0.013422818791946308,Summer,1960SummerSWE
379,1960,SWE,0.013422818791946308,Summer,1960SummerSWE
380,1964,SWE,0.016597510373443983,Summer,1964SummerSWE
381,1964,SWE,0.016597510373443983,Summer,1964SummerSWE
382,1968,SWE,0.007905138339920948,Summer,1968SummerSWE
383,1968,SWE,0.007905138339920948,Summer,1968SummerSWE
384,1972,SWE,0.027257240204429302,Summer,1972SummerSWE
385,1972,SWE,0.027257240204429302,Summer,1972SummerSWE
386,1976,SWE,0.008375209380234505,Summer,1976SummerSWE
387,1976,SWE,0.008375209380234505,Summer,1976SummerSWE
388,1980,SWE,0.019736842105263157,Summer,1980SummerSWE
389,1980,SWE,0.019736842105263157,Summer,1980SummerSWE
390,1984,SWE,0.02848575712143928,Summer,1984SummerSWE
391,1984,SWE,0.02848575712143928,Summer,1984SummerSWE
392,1988,SWE,0.01532033426183844,Summer,1988SummerSWE
393,1988,SWE,0.01532033426183844,Summer,1988SummerSWE
394,1992,SWE,0.017366136034732273,Summer,1992SummerSWE
395,1992,SWE,0.017366136034732273,Summer,1992SummerSWE
397,1996,SWE,0.009557945041816009,Summer,1996SummerSWE
399,2000,SWE,0.013015184381778741,Summer,2000SummerSWE
401,2004,SWE,0.0075675675675675675,Summer,2004SummerSWE
403,2008,SWE,0.00522466039707419,Summer,2008SummerSWE
405,2012,SWE,0.008316008316008316,Summer,2012SummerSWE
407,2016,SWE,0.01132852729145211,Summer,2016SummerSWE
409,1900,BEL,0.06206896551724138,Summer,1900SummerBEL
411,1906,BEL,0.03125,Summer,1906SummerBEL
412,1908,BEL,0.025396825396825397,Summer,1908SummerBEL
413,1912,BEL,0.019417475728155338,Summer,1912SummerBEL
414,1920,BEL,0.0945945945945946,Summer,1920SummerBEL
415,1924,BEL,0.03430079155672823,Summer,1924SummerBEL
416,1924,BEL,0.03430079155672823,Summer,1924SummerBEL
417,1928,BEL,0.008771929824561403,Summer,1928SummerBEL
418,1928,BEL,0.008771929824561403,Summer,1928SummerBEL
419,1932,BEL,0.0027472527472527475,Summer,1932SummerBEL
420,1932,BEL,0.0027472527472527475,Summer,1932SummerBEL
421,1936,BEL,0.007281553398058253,Summer,1936SummerBEL
422,1936,BEL,0.007281553398058253,Summer,1936SummerBEL
423,1948,BEL,0.01643192488262911,Summer,1948SummerBEL
424,1948,BEL,0.01643192488262911,Summer,1948SummerBEL
425,1952,BEL,0.009070294784580499,Summer,1952SummerBEL
426,1952,BEL,0.009070294784580499,Summer,1952SummerBEL
427,1956,BEL,0.004366812227074236,Summer,1956SummerBEL
428,1956,BEL,0.004366812227074236,Summer,1956SummerBEL
429,1960,BEL,0.008948545861297539,Summer,1960SummerBEL
430,1960,BEL,0.008948545861297539,Summer,1960SummerBEL
431,1964,BEL,0.006224066390041493,Summer,1964SummerBEL
432,1964,BEL,0.006224066390041493,Summer,1964SummerBEL
433,1968,BEL,0.003952569169960474,Summer,1968SummerBEL
434,1968,BEL,0.003952569169960474,Summer,1968SummerBEL
435,1972,BEL,0.0034071550255536627,Summer,1972SummerBEL
436,1972,BEL,0.0034071550255536627,Summer,1972SummerBEL
437,1976,BEL,0.010050251256281407,Summer,1976SummerBEL
438,1976,BEL,0.010050251256281407,Summer,1976SummerBEL
439,1980,BEL,0.001644736842105263,Summer,1980SummerBEL
440,1980,BEL,0.001644736842105263,Summer,1980SummerBEL
441,1984,BEL,0.005997001499250375,Summer,1984SummerBEL
442,1984,BEL,0.005997001499250375,Summer,1984SummerBEL
443,1988,BEL,0.002785515320334262,Summer,1988SummerBEL
444,1988,BEL,0.002785515320334262,Summer,1988SummerBEL
445,1992,BEL,0.004341534008683068,Summer,1992SummerBEL
446,1992,BEL,0.004341534008683068,Summer,1992SummerBEL
448,1996,BEL,0.007168458781362007,Summer,1996SummerBEL
450,2000,BEL,0.005422993492407809,Summer,2000SummerBEL
452,2004,BEL,0.003243243243243243,Summer,2004SummerBEL
454,2008,BEL,0.0020898641588296763,Summer,2008SummerBEL
456,2012,BEL,0.0031185031185031187,Summer,2012SummerBEL
458,2016,BEL,0.006179196704428424,Summer,2016SummerBEL
460,1900,NED,0.02413793103448276,Summer,1900SummerNED
462,1906,NED,0.013392857142857142,Summer,1906SummerNED
463,1908,NED,0.006349206349206349,Summer,1908SummerNED
464,1912,NED,0.009708737864077669,Summer,1912SummerNED
465,1920,NED,0.024774774774774775,Summer,1920SummerNED
466,1924,NED,0.029023746701846966,Summer,1924SummerNED
467,1924,NED,0.029023746701846966,Summer,1924SummerNED
468,1928,NED,0.06725146198830409,Summer,1928SummerNED
469,1928,NED,0.06725146198830409,Summer,1928SummerNED
470,1932,NED,0.02197802197802198,Summer,1932SummerNED
471,1932,NED,0.02197802197802198,Summer,1932SummerNED
472,1936,NED,0.0412621359223301,Summer,1936SummerNED
473,1936,NED,0.0412621359223301,Summer,1936SummerNED
474,1948,NED,0.03755868544600939,Summer,1948SummerNED
475,1948,NED,0.03755868544600939,Summer,1948SummerNED
476,1952,NED,0.011337868480725623,Summer,1952SummerNED
477,1952,NED,0.011337868480725623,Summer,1952SummerNED
478,1956,NED,0.0,Summer,1956SummerNED
479,1956,NED,0.0,Summer,1956SummerNED
480,1960,NED,0.006711409395973154,Summer,1960SummerNED
481,1960,NED,0.006711409395973154,Summer,1960SummerNED
482,1964,NED,0.02074688796680498,Summer,1964SummerNED
483,1964,NED,0.02074688796680498,Summer,1964SummerNED
484,1968,NED,0.01383399209486166,Summer,1968SummerNED
485,1968,NED,0.01383399209486166,Summer,1968SummerNED
486,1972,NED,0.008517887563884156,Summer,1972SummerNED
487,1972,NED,0.008517887563884156,Summer,1972SummerNED
488,1976,NED,0.008375209380234505,Summer,1976SummerNED
489,1976,NED,0.008375209380234505,Summer,1976SummerNED
490,1980,NED,0.004934210526315789,Summer,1980SummerNED
491,1980,NED,0.004934210526315789,Summer,1980SummerNED
492,1984,NED,0.019490254872563718,Summer,1984SummerNED
493,1984,NED,0.019490254872563718,Summer,1984SummerNED
494,1988,NED,0.013927576601671309,Summer,1988SummerNED
495,1988,NED,0.013927576601671309,Summer,1988SummerNED
496,1992,NED,0.02170767004341534,Summer,1992SummerNED
497,1992,NED,0.02170767004341534,Summer,1992SummerNED
499,1996,NED,0.022700119474313024,Summer,1996SummerNED
501,2000,NED,0.027114967462039046,Summer,2000SummerNED
503,2004,NED,0.023783783783783784,Summer,2004SummerNED
505,2008,NED,0.01671891327063741,Summer,2008SummerNED
507,2012,NED,0.02079002079002079,Summer,2012SummerNED
509,2016,NED,0.01956745623069001,Summer,2016SummerNED
513,1906,FIN,0.017857142857142856,Summer,1906SummerFIN
514,1908,FIN,0.015873015873015872,Summer,1908SummerFIN
515,1912,FIN,0.08414239482200647,Summer,1912SummerFIN
516,1920,FIN,0.07657657657657657,Summer,1920SummerFIN
517,1924,FIN,0.09762532981530343,Summer,1924SummerFIN
518,1924,FIN,0.09762532981530343,Summer,1924SummerFIN
519,1928,FIN,0.07309941520467836,Summer,1928SummerFIN
520,1928,FIN,0.07309941520467836,Summer,1928SummerFIN
521,1932,FIN,0.06868131868131869,Summer,1932SummerFIN
522,1932,FIN,0.06868131868131869,Summer,1932SummerFIN
523,1936,FIN,0.04854368932038835,Summer,1936SummerFIN
524,1936,FIN,0.04854368932038835,Summer,1936SummerFIN
525,1948,FIN,0.051643192488262914,Summer,1948SummerFIN
526,1948,FIN,0.051643192488262914,Summer,1948SummerFIN
527,1952,FIN,0.049886621315192746,Summer,1952SummerFIN
528,1952,FIN,0.049886621315192746,Summer,1952SummerFIN
529,1956,FIN,0.03275109170305677,Summer,1956SummerFIN
530,1956,FIN,0.03275109170305677,Summer,1956SummerFIN
531,1960,FIN,0.011185682326621925,Summer,1960SummerFIN
532,1960,FIN,0.011185682326621925,Summer,1960SummerFIN
533,1964,FIN,0.01037344398340249,Summer,1964SummerFIN
534,1964,FIN,0.01037344398340249,Summer,1964SummerFIN
535,1968,FIN,0.007905138339920948,Summer,1968SummerFIN
536,1968,FIN,0.007905138339920948,Summer,1968SummerFIN
537,1972,FIN,0.013628620102214651,Summer,1972SummerFIN
538,1972,FIN,0.013628620102214651,Summer,1972SummerFIN
539,1976,FIN,0.010050251256281407,Summer,1976SummerFIN
540,1976,FIN,0.010050251256281407,Summer,1976SummerFIN
541,1980,FIN,0.013157894736842105,Summer,1980SummerFIN
542,1980,FIN,0.013157894736842105,Summer,1980SummerFIN
543,1984,FIN,0.017991004497751123,Summer,1984SummerFIN
544,1984,FIN,0.017991004497751123,Summer,1984SummerFIN
545,1988,FIN,0.005571030640668524,Summer,1988SummerFIN
546,1988,FIN,0.005571030640668524,Summer,1988SummerFIN
547,1992,FIN,0.00723589001447178,Summer,1992SummerFIN
548,1992,FIN,0.00723589001447178,Summer,1992SummerFIN
550,1996,FIN,0.0047789725209080045,Summer,1996SummerFIN
552,2000,FIN,0.004338394793926247,Summer,2000SummerFIN
554,2004,FIN,0.002162162162162162,Summer,2004SummerFIN
556,2008,FIN,0.0041797283176593526,Summer,2008SummerFIN
558,2012,FIN,0.0031185031185031187,Summer,2012SummerFIN
560,2016,FIN,0.0010298661174047373,Summer,2016SummerFIN
561,1896,AUS,0.025,Summer,1896SummerAUS
562,1900,AUS,0.020689655172413793,Summer,1900SummerAUS
563,1904,AUS,0.014336917562724014,Summer,1904SummerAUS
564,1906,AUS,0.013392857142857142,Summer,1906SummerAUS
566,1912,AUS,0.0,Summer,1912SummerAUS
567,1920,AUS,0.006756756756756757,Summer,1920SummerAUS
568,1924,AUS,0.0158311345646438,Summer,1924SummerAUS
569,1924,AUS,0.0158311345646438,Summer,1924SummerAUS
570,1928,AUS,0.011695906432748537,Summer,1928SummerAUS
571,1928,AUS,0.011695906432748537,Summer,1928SummerAUS
572,1932,AUS,0.013736263736263736,Summer,1932SummerAUS
573,1932,AUS,0.013736263736263736,Summer,1932SummerAUS
574,1936,AUS,0.0024271844660194173,Summer,1936SummerAUS
575,1936,AUS,0.0024271844660194173,Summer,1936SummerAUS
576,1948,AUS,0.03051643192488263,Summer,1948SummerAUS
577,1948,AUS,0.03051643192488263,Summer,1948SummerAUS
578,1952,AUS,0.024943310657596373,Summer,1952SummerAUS
579,1952,AUS,0.024943310657596373,Summer,1952SummerAUS
580,1956,AUS,0.07641921397379912,Summer,1956SummerAUS
581,1956,AUS,0.07641921397379912,Summer,1956SummerAUS
582,1960,AUS,0.049217002237136466,Summer,1960SummerAUS
583,1960,AUS,0.049217002237136466,Summer,1960SummerAUS
584,1964,AUS,0.03734439834024896,Summer,1964SummerAUS
585,1964,AUS,0.03734439834024896,Summer,1964SummerAUS
586,1968,AUS,0.03359683794466403,Summer,1968SummerAUS
587,1968,AUS,0.03359683794466403,Summer,1968SummerAUS
588,1972,AUS,0.028960817717206135,Summer,1972SummerAUS
589,1972,AUS,0.028960817717206135,Summer,1972SummerAUS
590,1976,AUS,0.008375209380234505,Summer,1976SummerAUS
591,1976,AUS,0.008375209380234505,Summer,1976SummerAUS
592,1980,AUS,0.014802631578947368,Summer,1980SummerAUS
593,1980,AUS,0.014802631578947368,Summer,1980SummerAUS
594,1984,AUS,0.035982008995502246,Summer,1984SummerAUS
595,1984,AUS,0.035982008995502246,Summer,1984SummerAUS
596,1988,AUS,0.019498607242339833,Summer,1988SummerAUS
597,1988,AUS,0.019498607242339833,Summer,1988SummerAUS
598,1992,AUS,0.03907380607814761,Summer,1992SummerAUS
599,1992,AUS,0.03907380607814761,Summer,1992SummerAUS
601,1996,AUS,0.04898446833930705,Summer,1996SummerAUS
603,2000,AUS,0.06290672451193059,Summer,2000SummerAUS
605,2004,AUS,0.05405405405405406,Summer,2004SummerAUS
607,2008,AUS,0.04806687565308255,Summer,2008SummerAUS
609,2012,AUS,0.036382536382536385,Summer,2012SummerAUS
611,2016,AUS,0.029866117404737384,Summer,2016SummerAUS
612,1896,ITA,0.0,Summer,1896SummerITA
613,1900,ITA,0.017241379310344827,Summer,1900SummerITA
614,1904,ITA,0.0,Summer,1904SummerITA
615,1906,ITA,0.07142857142857142,Summer,1906SummerITA
616,1908,ITA,0.012698412698412698,Summer,1908SummerITA
617,1912,ITA,0.025889967637540454,Summer,1912SummerITA
618,1920,ITA,0.05630630630630631,Summer,1920SummerITA
619,1924,ITA,0.04221635883905013,Summer,1924SummerITA
620,1924,ITA,0.04221635883905013,Summer,1924SummerITA
621,1928,ITA,0.05847953216374269,Summer,1928SummerITA
622,1928,ITA,0.05847953216374269,Summer,1928SummerITA
623,1932,ITA,0.0989010989010989,Summer,1932SummerITA
624,1932,ITA,0.0989010989010989,Summer,1932SummerITA
625,1936,ITA,0.06553398058252427,Summer,1936SummerITA
626,1936,ITA,0.06553398058252427,Summer,1936SummerITA
627,1948,ITA,0.07276995305164319,Summer,1948SummerITA
628,1948,ITA,0.07276995305164319,Summer,1948SummerITA
629,1952,ITA,0.047619047619047616,Summer,1952SummerITA
630,1952,ITA,0.047619047619047616,Summer,1952SummerITA
631,1956,ITA,0.05458515283842795,Summer,1956SummerITA
632,1956,ITA,0.05458515283842795,Summer,1956SummerITA
633,1960,ITA,0.08053691275167785,Summer,1960SummerITA
634,1960,ITA,0.08053691275167785,Summer,1960SummerITA
635,1964,ITA,0.056016597510373446,Summer,1964SummerITA
636,1964,ITA,0.056016597510373446,Summer,1964SummerITA
637,1968,ITA,0.03162055335968379,Summer,1968SummerITA
638,1968,ITA,0.03162055335968379,Summer,1968SummerITA
639,1972,ITA,0.030664395229982964,Summer,1972SummerITA
640,1972,ITA,0.030664395229982964,Summer,1972SummerITA
641,1976,ITA,0.021775544388609715,Summer,1976SummerITA
642,1976,ITA,0.021775544388609715,Summer,1976SummerITA
643,1980,ITA,0.024671052631578948,Summer,1980SummerITA
644,1980,ITA,0.024671052631578948,Summer,1980SummerITA
645,1984,ITA,0.047976011994003,Summer,1984SummerITA
646,1984,ITA,0.047976011994003,Summer,1984SummerITA
647,1988,ITA,0.019498607242339833,Summer,1988SummerITA
648,1988,ITA,0.019498607242339833,Summer,1988SummerITA
649,1992,ITA,0.027496382054992764,Summer,1992SummerITA
650,1992,ITA,0.027496382054992764,Summer,1992SummerITA
652,1996,ITA,0.04181600955794504,Summer,1996SummerITA
654,2000,ITA,0.0368763557483731,Summer,2000SummerITA
656,2004,ITA,0.034594594594594595,Summer,2004SummerITA
658,2008,ITA,0.02821316614420063,Summer,2008SummerITA
660,2012,ITA,0.029106029106029108,Summer,2012SummerITA
662,2016,ITA,0.028836251287332648,Summer,2016SummerITA
668,1912,JPN,0.0,Summer,1912SummerJPN
669,1920,JPN,0.0045045045045045045,Summer,1920SummerJPN
670,1924,JPN,0.002638522427440633,Summer,1924SummerJPN
671,1924,JPN,0.002638522427440633,Summer,1924SummerJPN
672,1928,JPN,0.014619883040935672,Summer,1928SummerJPN
673,1928,JPN,0.014619883040935672,Summer,1928SummerJPN
674,1932,JPN,0.04945054945054945,Summer,1932SummerJPN
675,1932,JPN,0.04945054945054945,Summer,1932SummerJPN
676,1936,JPN,0.04854368932038835,Summer,1936SummerJPN
677,1936,JPN,0.04854368932038835,Summer,1936SummerJPN
680,1952,JPN,0.018140589569160998,Summer,1952SummerJPN
681,1952,JPN,0.018140589569160998,Summer,1952SummerJPN
682,1956,JPN,0.03711790393013101,Summer,1956SummerJPN
683,1956,JPN,0.03711790393013101,Summer,1956SummerJPN
684,1960,JPN,0.040268456375838924,Summer,1960SummerJPN
685,1960,JPN,0.040268456375838924,Summer,1960SummerJPN
686,1964,JPN,0.06016597510373444,Summer,1964SummerJPN
687,1964,JPN,0.06016597510373444,Summer,1964SummerJPN
688,1968,JPN,0.04940711462450593,Summer,1968SummerJPN
689,1968,JPN,0.04940711462450593,Summer,1968SummerJPN
690,1972,JPN,0.049403747870528106,Summer,1972SummerJPN
691,1972,JPN,0.049403747870528106,Summer,1972SummerJPN
692,1976,JPN,0.04187604690117253,Summer,1976SummerJPN
693,1976,JPN,0.04187604690117253,Summer,1976SummerJPN
696,1984,JPN,0.046476761619190406,Summer,1984SummerJPN
697,1984,JPN,0.046476761619190406,Summer,1984SummerJPN
698,1988,JPN,0.019498607242339833,Summer,1988SummerJPN
699,1988,JPN,0.019498607242339833,Summer,1988SummerJPN
700,1992,JPN,0.03183791606367583,Summer,1992SummerJPN
701,1992,JPN,0.03183791606367583,Summer,1992SummerJPN
703,1996,JPN,0.016726403823178016,Summer,1996SummerJPN
705,2000,JPN,0.019522776572668113,Summer,2000SummerJPN
707,2004,JPN,0.04,Summer,2004SummerJPN
709,2008,JPN,0.02612330198537095,Summer,2008SummerJPN
711,2012,JPN,0.0395010395010395,Summer,2012SummerJPN
713,2016,JPN,0.042224510813594233,Summer,2016SummerJPN
715,1900,MEX,0.0034482758620689655,Summer,1900SummerMEX
721,1924,MEX,0.0,Summer,1924SummerMEX
722,1924,MEX,0.0,Summer,1924SummerMEX
723,1928,MEX,0.0,Summer,1928SummerMEX
724,1928,MEX,0.0,Summer,1928SummerMEX
725,1932,MEX,0.005494505494505495,Summer,1932SummerMEX
726,1932,MEX,0.005494505494505495,Summer,1932SummerMEX
727,1936,MEX,0.007281553398058253,Summer,1936SummerMEX
728,1936,MEX,0.007281553398058253,Summer,1936SummerMEX
729,1948,MEX,0.011737089201877934,Summer,1948SummerMEX
730,1948,MEX,0.011737089201877934,Summer,1948SummerMEX
731,1952,MEX,0.0022675736961451248,Summer,1952SummerMEX
732,1952,MEX,0.0022675736961451248,Summer,1952SummerMEX
733,1956,MEX,0.004366812227074236,Summer,1956SummerMEX
734,1956,MEX,0.004366812227074236,Summer,1956SummerMEX
735,1960,MEX,0.0022371364653243847,Summer,1960SummerMEX
736,1960,MEX,0.0022371364653243847,Summer,1960SummerMEX
737,1964,MEX,0.002074688796680498,Summer,1964SummerMEX
738,1964,MEX,0.002074688796680498,Summer,1964SummerMEX
739,1968,MEX,0.017786561264822136,Summer,1968SummerMEX
740,1968,MEX,0.017786561264822136,Summer,1968SummerMEX
741,1972,MEX,0.0017035775127768314,Summer,1972SummerMEX
742,1972,MEX,0.0017035775127768314,Summer,1972SummerMEX
743,1976,MEX,0.0033500837520938024,Summer,1976SummerMEX
744,1976,MEX,0.0033500837520938024,Summer,1976SummerMEX
745,1980,MEX,0.006578947368421052,Summer,1980SummerMEX
746,1980,MEX,0.006578947368421052,Summer,1980SummerMEX
747,1984,MEX,0.008995502248875561,Summer,1984SummerMEX
748,1984,MEX,0.008995502248875561,Summer,1984SummerMEX
749,1988,MEX,0.002785515320334262,Summer,1988SummerMEX
750,1988,MEX,0.002785515320334262,Summer,1988SummerMEX
751,1992,MEX,0.001447178002894356,Summer,1992SummerMEX
752,1992,MEX,0.001447178002894356,Summer,1992SummerMEX
754,1996,MEX,0.0011947431302270011,Summer,1996SummerMEX
756,2000,MEX,0.006507592190889371,Summer,2000SummerMEX
758,2004,MEX,0.004324324324324324,Summer,2004SummerMEX
760,2008,MEX,0.003134796238244514,Summer,2008SummerMEX
762,2012,MEX,0.007276507276507277,Summer,2012SummerMEX
764,2016,MEX,0.005149330587023687,Summer,2016SummerMEX
766,1900,CAN,0.006896551724137931,Summer,1900SummerCAN
767,1904,CAN,0.021505376344086023,Summer,1904SummerCAN
768,1906,CAN,0.008928571428571428,Summer,1906SummerCAN
769,1908,CAN,0.050793650793650794,Summer,1908SummerCAN
770,1912,CAN,0.025889967637540454,Summer,1912SummerCAN
771,1920,CAN,0.02027027027027027,Summer,1920SummerCAN
772,1924,CAN,0.010554089709762533,Summer,1924SummerCAN
773,1924,CAN,0.010554089709762533,Summer,1924SummerCAN
774,1928,CAN,0.043859649122807015,Summer,1928SummerCAN
775,1928,CAN,0.043859649122807015,Summer,1928SummerCAN
776,1932,CAN,0.04395604395604396,Summer,1932SummerCAN
777,1932,CAN,0.04395604395604396,Summer,1932SummerCAN
778,1936,CAN,0.021844660194174758,Summer,1936SummerCAN
779,1936,CAN,0.021844660194174758,Summer,1936SummerCAN
780,1948,CAN,0.009389671361502348,Summer,1948SummerCAN
781,1948,CAN,0.009389671361502348,Summer,1948SummerCAN
782,1952,CAN,0.006802721088435374,Summer,1952SummerCAN
783,1952,CAN,0.006802721088435374,Summer,1952SummerCAN
784,1956,CAN,0.013100436681222707,Summer,1956SummerCAN
785,1956,CAN,0.013100436681222707,Summer,1956SummerCAN
786,1960,CAN,0.0022371364653243847,Summer,1960SummerCAN
787,1960,CAN,0.0022371364653243847,Summer,1960SummerCAN
788,1964,CAN,0.008298755186721992,Summer,1964SummerCAN
789,1964,CAN,0.008298755186721992,Summer,1964SummerCAN
790,1968,CAN,0.009881422924901186,Summer,1968SummerCAN
791,1968,CAN,0.009881422924901186,Summer,1968SummerCAN
792,1972,CAN,0.008517887563884156,Summer,1972SummerCAN
793,1972,CAN,0.008517887563884156,Summer,1972SummerCAN
794,1976,CAN,0.018425460636515914,Summer,1976SummerCAN
795,1976,CAN,0.018425460636515914,Summer,1976SummerCAN
798,1984,CAN,0.06596701649175413,Summer,1984SummerCAN
799,1984,CAN,0.06596701649175413,Summer,1984SummerCAN
800,1988,CAN,0.013927576601671309,Summer,1988SummerCAN
801,1988,CAN,0.013927576601671309,Summer,1988SummerCAN
802,1992,CAN,0.02604920405209841,Summer,1992SummerCAN
803,1992,CAN,0.02604920405209841,Summer,1992SummerCAN
805,1996,CAN,0.026284348864994027,Summer,1996SummerCAN
807,2000,CAN,0.015184381778741865,Summer,2000SummerCAN
809,2004,CAN,0.012972972972972972,Summer,2004SummerCAN
811,2008,CAN,0.019853709508881923,Summer,2008SummerCAN
813,2012,CAN,0.018711018711018712,Summer,2012SummerCAN
815,2016,CAN,0.02265705458290422,Summer,2016SummerCAN
831,1948,KOR,0.004694835680751174,Summer,1948SummerKOR
832,1948,KOR,0.004694835680751174,Summer,1948SummerKOR
833,1952,KOR,0.0045351473922902496,Summer,1952SummerKOR
834,1952,KOR,0.0045351473922902496,Summer,1952SummerKOR
835,1956,KOR,0.004366812227074236,Summer,1956SummerKOR
836,1956,KOR,0.004366812227074236,Summer,1956SummerKOR
837,1960,KOR,0.0,Summer,1960SummerKOR
838,1960,KOR,0.0,Summer,1960SummerKOR
839,1964,KOR,0.006224066390041493,Summer,1964SummerKOR
840,1964,KOR,0.006224066390041493,Summer,1964SummerKOR
841,1968,KOR,0.003952569169960474,Summer,1968SummerKOR
842,1968,KOR,0.003952569169960474,Summer,1968SummerKOR
843,1972,KOR,0.0017035775127768314,Summer,1972SummerKOR
844,1972,KOR,0.0017035775127768314,Summer,1972SummerKOR
845,1976,KOR,0.010050251256281407,Summer,1976SummerKOR
846,1976,KOR,0.010050251256281407,Summer,1976SummerKOR
849,1984,KOR,0.02848575712143928,Summer,1984SummerKOR
850,1984,KOR,0.02848575712143928,Summer,1984SummerKOR
851,1988,KOR,0.04596100278551532,Summer,1988SummerKOR
852,1988,KOR,0.04596100278551532,Summer,1988SummerKOR
853,1992,KOR,0.04052098408104197,Summer,1992SummerKOR
854,1992,KOR,0.04052098408104197,Summer,1992SummerKOR
856,1996,KOR,0.03225806451612903,Summer,1996SummerKOR
858,2000,KOR,0.03036876355748373,Summer,2000SummerKOR
860,2004,KOR,0.032432432432432434,Summer,2004SummerKOR
862,2008,KOR,0.03239289446185998,Summer,2008SummerKOR
864,2012,KOR,0.029106029106029108,Summer,2012SummerKOR
866,2016,KOR,0.021627188465499485,Summer,2016SummerKOR
878,1932,CHN,0.0,Summer,1932SummerCHN
879,1932,CHN,0.0,Summer,1932SummerCHN
880,1936,CHN,0.0,Summer,1936SummerCHN
881,1936,CHN,0.0,Summer,1936SummerCHN
882,1948,CHN,0.0,Summer,1948SummerCHN
883,1948,CHN,0.0,Summer,1948SummerCHN
884,1952,CHN,0.0,Summer,1952SummerCHN
885,1952,CHN,0.0,Summer,1952SummerCHN
900,1984,CHN,0.047976011994003,Summer,1984SummerCHN
901,1984,CHN,0.047976011994003,Summer,1984SummerCHN
902,1988,CHN,0.03899721448467967,Summer,1988SummerCHN
903,1988,CHN,0.03899721448467967,Summer,1988SummerCHN
904,1992,CHN,0.07670043415340087,Summer,1992SummerCHN
905,1992,CHN,0.07670043415340087,Summer,1992SummerCHN
907,1996,CHN,0.05973715651135006,Summer,1996SummerCHN
909,2000,CHN,0.06290672451193059,Summer,2000SummerCHN
911,2004,CHN,0.0681081081081081,Summer,2004SummerCHN
913,2008,CHN,0.1044932079414838,Summer,2008SummerCHN
915,2012,CHN,0.09147609147609148,Summer,2012SummerCHN
917,2016,CHN,0.07209062821833162,Summer,2016SummerCHN
919,1900,BRA,0.0,Summer,1900SummerBRA
924,1920,BRA,0.006756756756756757,Summer,1920SummerBRA
925,1924,BRA,0.0,Summer,1924SummerBRA
926,1924,BRA,0.0,Summer,1924SummerBRA
929,1932,BRA,0.0,Summer,1932SummerBRA
930,1932,BRA,0.0,Summer,1932SummerBRA
931,1936,BRA,0.0,Summer,1936SummerBRA
932,1936,BRA,0.0,Summer,1936SummerBRA
933,1948,BRA,0.002347417840375587,Summer,1948SummerBRA
934,1948,BRA,0.002347417840375587,Summer,1948SummerBRA
935,1952,BRA,0.006802721088435374,Summer,1952SummerBRA
936,1952,BRA,0.006802721088435374,Summer,1952SummerBRA
937,1956,BRA,0.002183406113537118,Summer,1956SummerBRA
938,1956,BRA,0.002183406113537118,Summer,1956SummerBRA
939,1960,BRA,0.0044742729306487695,Summer,1960SummerBRA
940,1960,BRA,0.0044742729306487695,Summer,1960SummerBRA
941,1964,BRA,0.002074688796680498,Summer,1964SummerBRA
942,1964,BRA,0.002074688796680498,Summer,1964SummerBRA
943,1968,BRA,0.005928853754940711,Summer,1968SummerBRA
944,1968,BRA,0.005928853754940711,Summer,1968SummerBRA
945,1972,BRA,0.0034071550255536627,Summer,1972SummerBRA
946,1972,BRA,0.0034071550255536627,Summer,1972SummerBRA
947,1976,BRA,0.0033500837520938024,Summer,1976SummerBRA
948,1976,BRA,0.0033500837520938024,Summer,1976SummerBRA
949,1980,BRA,0.006578947368421052,Summer,1980SummerBRA
950,1980,BRA,0.006578947368421052,Summer,1980SummerBRA
951,1984,BRA,0.01199400299850075,Summer,1984SummerBRA
952,1984,BRA,0.01199400299850075,Summer,1984SummerBRA
953,1988,BRA,0.008356545961002786,Summer,1988SummerBRA
954,1988,BRA,0.008356545961002786,Summer,1988SummerBRA
955,1992,BRA,0.004341534008683068,Summer,1992SummerBRA
956,1992,BRA,0.004341534008683068,Summer,1992SummerBRA
958,1996,BRA,0.017921146953405017,Summer,1996SummerBRA
960,2000,BRA,0.013015184381778741,Summer,2000SummerBRA
962,2004,BRA,0.010810810810810811,Summer,2004SummerBRA
964,2008,BRA,0.01671891327063741,Summer,2008SummerBRA
966,2012,BRA,0.017671517671517672,Summer,2012SummerBRA
968,2016,BRA,0.01956745623069001,Summer,2016SummerBRA
988,1956,RUS,0.2112676056338028,Winter,1956WinterRUS
989,1956,RUS,0.2112676056338028,Winter,1956WinterRUS
990,1960,RUS,0.2625,Winter,1960WinterRUS
991,1960,RUS,0.2625,Winter,1960WinterRUS
992,1964,RUS,0.23529411764705882,Winter,1964WinterRUS
993,1964,RUS,0.23529411764705882,Winter,1964WinterRUS
994,1968,RUS,0.13,Winter,1968WinterRUS
995,1968,RUS,0.13,Winter,1968WinterRUS
996,1972,RUS,0.1568627450980392,Winter,1972WinterRUS
997,1972,RUS,0.1568627450980392,Winter,1972WinterRUS
998,1976,RUS,0.24545454545454545,Winter,1976WinterRUS
999,1976,RUS,0.24545454545454545,Winter,1976WinterRUS
1000,1980,RUS,0.19298245614035087,Winter,1980WinterRUS
1001,1980,RUS,0.19298245614035087,Winter,1980WinterRUS
1002,1984,RUS,0.22727272727272727,Winter,1984WinterRUS
1003,1984,RUS,0.22727272727272727,Winter,1984WinterRUS
1004,1988,RUS,0.2196969696969697,Winter,1988WinterRUS
1005,1988,RUS,0.2196969696969697,Winter,1988WinterRUS
1008,1994,RUS,0.12777777777777777,Winter,1994WinterRUS
1010,1998,RUS,0.0891089108910891,Winter,1998WinterRUS
1012,2002,RUS,0.055793991416309016,Winter,2002WinterRUS
1014,2006,RUS,0.0873015873015873,Winter,2006WinterRUS
1016,2010,RUS,0.05813953488372093,Winter,2010WinterRUS
1018,2014,RUS,0.11186440677966102,Winter,2014WinterRUS
1027,1924,USA,0.07547169811320754,Winter,1924WinterUSA
1028,1924,USA,0.07547169811320754,Winter,1924WinterUSA
1029,1928,USA,0.15,Winter,1928WinterUSA
1030,1928,USA,0.15,Winter,1928WinterUSA
1031,1932,USA,0.2857142857142857,Winter,1932WinterUSA
1032,1932,USA,0.2857142857142857,Winter,1932WinterUSA
1033,1936,USA,0.0784313725490196,Winter,1936WinterUSA
1034,1936,USA,0.0784313725490196,Winter,1936WinterUSA
1035,1948,USA,0.12307692307692308,Winter,1948WinterUSA
1036,1948,USA,0.12307692307692308,Winter,1948WinterUSA
1037,1952,USA,0.16417910447761194,Winter,1952WinterUSA
1038,1952,USA,0.16417910447761194,Winter,1952WinterUSA
1039,1956,USA,0.09859154929577464,Winter,1956WinterUSA
1040,1956,USA,0.09859154929577464,Winter,1956WinterUSA
1041,1960,USA,0.125,Winter,1960WinterUSA
1042,1960,USA,0.125,Winter,1960WinterUSA
1043,1964,USA,0.06862745098039216,Winter,1964WinterUSA
1044,1964,USA,0.06862745098039216,Winter,1964WinterUSA
1045,1968,USA,0.05,Winter,1968WinterUSA
1046,1968,USA,0.05,Winter,1968WinterUSA
1047,1972,USA,0.0784313725490196,Winter,1972WinterUSA
1048,1972,USA,0.0784313725490196,Winter,1972WinterUSA
1049,1976,USA,0.09090909090909091,Winter,1976WinterUSA
1050,1976,USA,0.09090909090909091,Winter,1976WinterUSA
1051,1980,USA,0.10526315789473684,Winter,1980WinterUSA
1052,1980,USA,0.10526315789473684,Winter,1980WinterUSA
1053,1984,USA,0.07272727272727272,Winter,1984WinterUSA
1054,1984,USA,0.07272727272727272,Winter,1984WinterUSA
1055,1988,USA,0.045454545454545456,Winter,1988WinterUSA
1056,1988,USA,0.045454545454545456,Winter,1988WinterUSA
1057,1992,USA,0.07746478873239436,Winter,1992WinterUSA
1058,1992,USA,0.07746478873239436,Winter,1992WinterUSA
1059,1994,USA,0.07222222222222222,Winter,1994WinterUSA
1061,1998,USA,0.06435643564356436,Winter,1998WinterUSA
1063,2002,USA,0.1459227467811159,Winter,2002WinterUSA
1065,2006,USA,0.0992063492063492,Winter,2006WinterUSA
1067,2010,USA,0.1434108527131783,Winter,2010WinterUSA
1069,2014,USA,0.09491525423728814,Winter,2014WinterUSA
1080,1928,GER,0.025,Winter,1928WinterGER
1081,1928,GER,0.025,Winter,1928WinterGER
1082,1932,GER,0.047619047619047616,Winter,1932WinterGER
1083,1932,GER,0.047619047619047616,Winter,1932WinterGER
1084,1936,GER,0.11764705882352941,Winter,1936WinterGER
1085,1936,GER,0.11764705882352941,Winter,1936WinterGER
1088,1952,GER,0.1044776119402985,Winter,1952WinterGER
1089,1952,GER,0.1044776119402985,Winter,1952WinterGER
1090,1956,GER,0.028169014084507043,Winter,1956WinterGER
1091,1956,GER,0.028169014084507043,Winter,1956WinterGER
1092,1960,GER,0.1,Winter,1960WinterGER
1093,1960,GER,0.1,Winter,1960WinterGER
1094,1964,GER,0.08823529411764706,Winter,1964WinterGER
1095,1964,GER,0.08823529411764706,Winter,1964WinterGER
1096,1968,GER,0.12,Winter,1968WinterGER
1097,1968,GER,0.12,Winter,1968WinterGER
1098,1972,GER,0.18627450980392157,Winter,1972WinterGER
1099,1972,GER,0.18627450980392157,Winter,1972WinterGER
1100,1976,GER,0.2636363636363636,Winter,1976WinterGER
1101,1976,GER,0.2636363636363636,Winter,1976WinterGER
1102,1980,GER,0.24561403508771928,Winter,1980WinterGER
1103,1980,GER,0.24561403508771928,Winter,1980WinterGER
1104,1984,GER,0.2545454545454545,Winter,1984WinterGER
1105,1984,GER,0.2545454545454545,Winter,1984WinterGER
1106,1988,GER,0.25,Winter,1988WinterGER
1107,1988,GER,0.25,Winter,1988WinterGER
1108,1992,GER,0.18309859154929578,Winter,1992WinterGER
1109,1992,GER,0.18309859154929578,Winter,1992WinterGER
1110,1994,GER,0.13333333333333333,Winter,1994WinterGER
1112,1998,GER,0.14356435643564355,Winter,1998WinterGER
1114,2002,GER,0.15450643776824036,Winter,2002WinterGER
1116,2006,GER,0.11507936507936507,Winter,2006WinterGER
1118,2010,GER,0.11627906976744186,Winter,2010WinterGER
1120,2014,GER,0.06440677966101695,Winter,2014WinterGER
1129,1924,FRA,0.05660377358490566,Winter,1924WinterFRA
1130,1924,FRA,0.05660377358490566,Winter,1924WinterFRA
1131,1928,FRA,0.025,Winter,1928WinterFRA
1132,1928,FRA,0.025,Winter,1928WinterFRA
1133,1932,FRA,0.023809523809523808,Winter,1932WinterFRA
1134,1932,FRA,0.023809523809523808,Winter,1932WinterFRA
1135,1936,FRA,0.0196078431372549,Winter,1936WinterFRA
1136,1936,FRA,0.0196078431372549,Winter,1936WinterFRA
1137,1948,FRA,0.07692307692307693,Winter,1948WinterFRA
1138,1948,FRA,0.07692307692307693,Winter,1948WinterFRA
1139,1952,FRA,0.014925373134328358,Winter,1952WinterFRA
1140,1952,FRA,0.014925373134328358,Winter,1952WinterFRA
1141,1956,FRA,0.0,Winter,1956WinterFRA
1142,1956,FRA,0.0,Winter,1956WinterFRA
1143,1960,FRA,0.0375,Winter,1960WinterFRA
1144,1960,FRA,0.0375,Winter,1960WinterFRA
1145,1964,FRA,0.06862745098039216,Winter,1964WinterFRA
1146,1964,FRA,0.06862745098039216,Winter,1964WinterFRA
1147,1968,FRA,0.09,Winter,1968WinterFRA
1148,1968,FRA,0.09,Winter,1968WinterFRA
1149,1972,FRA,0.029411764705882353,Winter,1972WinterFRA
1150,1972,FRA,0.029411764705882353,Winter,1972WinterFRA
1151,1976,FRA,0.00909090909090909,Winter,1976WinterFRA
1152,1976,FRA,0.00909090909090909,Winter,1976WinterFRA
1153,1980,FRA,0.008771929824561403,Winter,1980WinterFRA
1154,1980,FRA,0.008771929824561403,Winter,1980WinterFRA
1155,1984,FRA,0.02727272727272727,Winter,1984WinterFRA
1156,1984,FRA,0.02727272727272727,Winter,1984WinterFRA
1157,1988,FRA,0.015151515151515152,Winter,1988WinterFRA
1158,1988,FRA,0.015151515151515152,Winter,1988WinterFRA
1159,1992,FRA,0.06338028169014084,Winter,1992WinterFRA
1160,1992,FRA,0.06338028169014084,Winter,1992WinterFRA
1161,1994,FRA,0.027777777777777776,Winter,1994WinterFRA
1163,1998,FRA,0.039603960396039604,Winter,1998WinterFRA
1165,2002,FRA,0.04721030042918455,Winter,2002WinterFRA
1167,2006,FRA,0.03571428571428571,Winter,2006WinterFRA
1169,2010,FRA,0.04263565891472868,Winter,2010WinterFRA
1171,2014,FRA,0.05084745762711865,Winter,2014WinterFRA
1180,1924,SUI,0.05660377358490566,Winter,1924WinterSUI
1181,1924,SUI,0.05660377358490566,Winter,1924WinterSUI
1182,1928,SUI,0.025,Winter,1928WinterSUI
1183,1928,SUI,0.025,Winter,1928WinterSUI
1184,1932,SUI,0.023809523809523808,Winter,1932WinterSUI
1185,1932,SUI,0.023809523809523808,Winter,1932WinterSUI
1186,1936,SUI,0.058823529411764705,Winter,1936WinterSUI
1187,1936,SUI,0.058823529411764705,Winter,1936WinterSUI
1188,1948,SUI,0.13846153846153847,Winter,1948WinterSUI
1189,1948,SUI,0.13846153846153847,Winter,1948WinterSUI
1190,1952,SUI,0.029850746268656716,Winter,1952WinterSUI
1191,1952,SUI,0.029850746268656716,Winter,1952WinterSUI
1192,1956,SUI,0.08450704225352113,Winter,1956WinterSUI
1193,1956,SUI,0.08450704225352113,Winter,1956WinterSUI
1194,1960,SUI,0.025,Winter,1960WinterSUI
1195,1960,SUI,0.025,Winter,1960WinterSUI
1196,1964,SUI,0.0,Winter,1964WinterSUI
1197,1964,SUI,0.0,Winter,1964WinterSUI
1198,1968,SUI,0.06,Winter,1968WinterSUI
1199,1968,SUI,0.06,Winter,1968WinterSUI
1200,1972,SUI,0.09803921568627451,Winter,1972WinterSUI
1201,1972,SUI,0.09803921568627451,Winter,1972WinterSUI
1202,1976,SUI,0.045454545454545456,Winter,1976WinterSUI
1203,1976,SUI,0.045454545454545456,Winter,1976WinterSUI
1204,1980,SUI,0.043859649122807015,Winter,1980WinterSUI
1205,1980,SUI,0.043859649122807015,Winter,1980WinterSUI
1206,1984,SUI,0.045454545454545456,Winter,1984WinterSUI
1207,1984,SUI,0.045454545454545456,Winter,1984WinterSUI
1208,1988,SUI,0.11363636363636363,Winter,1988WinterSUI
1209,1988,SUI,0.11363636363636363,Winter,1988WinterSUI
1210,1992,SUI,0.02112676056338028,Winter,1992WinterSUI
1211,1992,SUI,0.02112676056338028,Winter,1992WinterSUI
1212,1994,SUI,0.05,Winter,1994WinterSUI
1214,1998,SUI,0.034653465346534656,Winter,1998WinterSUI
1216,2002,SUI,0.04721030042918455,Winter,2002WinterSUI
1218,2006,SUI,0.05555555555555555,Winter,2006WinterSUI
1220,2010,SUI,0.03488372093023256,Winter,2010WinterSUI
1222,2014,SUI,0.03728813559322034,Winter,2014WinterSUI
1231,1924,NOR,0.32075471698113206,Winter,1924WinterNOR
1232,1924,NOR,0.32075471698113206,Winter,1924WinterNOR
1233,1928,NOR,0.375,Winter,1928WinterNOR
1234,1928,NOR,0.375,Winter,1928WinterNOR
1235,1932,NOR,0.23809523809523808,Winter,1932WinterNOR
1236,1932,NOR,0.23809523809523808,Winter,1932WinterNOR
1237,1936,NOR,0.29411764705882354,Winter,1936WinterNOR
1238,1936,NOR,0.29411764705882354,Winter,1936WinterNOR
1239,1948,NOR,0.15384615384615385,Winter,1948WinterNOR
1240,1948,NOR,0.15384615384615385,Winter,1948WinterNOR
1241,1952,NOR,0.23880597014925373,Winter,1952WinterNOR
1242,1952,NOR,0.23880597014925373,Winter,1952WinterNOR
1243,1956,NOR,0.056338028169014086,Winter,1956WinterNOR
1244,1956,NOR,0.056338028169014086,Winter,1956WinterNOR
1245,1960,NOR,0.075,Winter,1960WinterNOR
1246,1960,NOR,0.075,Winter,1960WinterNOR
1247,1964,NOR,0.14705882352941177,Winter,1964WinterNOR
1248,1964,NOR,0.14705882352941177,Winter,1964WinterNOR
1249,1968,NOR,0.14,Winter,1968WinterNOR
1250,1968,NOR,0.14,Winter,1968WinterNOR
1251,1972,NOR,0.11764705882352941,Winter,1972WinterNOR
1252,1972,NOR,0.11764705882352941,Winter,1972WinterNOR
1253,1976,NOR,0.06363636363636363,Winter,1976WinterNOR
1254,1976,NOR,0.06363636363636363,Winter,1976WinterNOR
1255,1980,NOR,0.08771929824561403,Winter,1980WinterNOR
1256,1980,NOR,0.08771929824561403,Winter,1980WinterNOR
1257,1984,NOR,0.08181818181818182,Winter,1984WinterNOR
1258,1984,NOR,0.08181818181818182,Winter,1984WinterNOR
1259,1988,NOR,0.03787878787878788,Winter,1988WinterNOR
1260,1988,NOR,0.03787878787878788,Winter,1988WinterNOR
1261,1992,NOR,0.11971830985915492,Winter,1992WinterNOR
1262,1992,NOR,0.11971830985915492,Winter,1992WinterNOR
1263,1994,NOR,0.12777777777777777,Winter,1994WinterNOR
1265,1998,NOR,0.10891089108910891,Winter,1998WinterNOR
1267,2002,NOR,0.10300429184549356,Winter,2002WinterNOR
1269,2006,NOR,0.07539682539682539,Winter,2006WinterNOR
1271,2010,NOR,0.08914728682170543,Winter,2010WinterNOR
1273,2014,NOR,0.08813559322033898,Winter,2014WinterNOR
1282,1924,ITA,0.0,Winter,1924WinterITA
1283,1924,ITA,0.0,Winter,1924WinterITA
1284,1928,ITA,0.0,Winter,1928WinterITA
1285,1928,ITA,0.0,Winter,1928WinterITA
1286,1932,ITA,0.0,Winter,1932WinterITA
1287,1932,ITA,0.0,Winter,1932WinterITA
1288,1936,ITA,0.0,Winter,1936WinterITA
1289,1936,ITA,0.0,Winter,1936WinterITA
1290,1948,ITA,0.015384615384615385,Winter,1948WinterITA
1291,1948,ITA,0.015384615384615385,Winter,1948WinterITA
1292,1952,ITA,0.029850746268656716,Winter,1952WinterITA
1293,1952,ITA,0.029850746268656716,Winter,1952WinterITA
1294,1956,ITA,0.04225352112676056,Winter,1956WinterITA
1295,1956,ITA,0.04225352112676056,Winter,1956WinterITA
1296,1960,ITA,0.0125,Winter,1960WinterITA
1297,1960,ITA,0.0125,Winter,1960WinterITA
1298,1964,ITA,0.0392156862745098,Winter,1964WinterITA
1299,1964,ITA,0.0392156862745098,Winter,1964WinterITA
1300,1968,ITA,0.04,Winter,1968WinterITA
1301,1968,ITA,0.04,Winter,1968WinterITA
1302,1972,ITA,0.049019607843137254,Winter,1972WinterITA
1303,1972,ITA,0.049019607843137254,Winter,1972WinterITA
1304,1976,ITA,0.03636363636363636,Winter,1976WinterITA
1305,1976,ITA,0.03636363636363636,Winter,1976WinterITA
1306,1980,ITA,0.017543859649122806,Winter,1980WinterITA
1307,1980,ITA,0.017543859649122806,Winter,1980WinterITA
1308,1984,ITA,0.01818181818181818,Winter,1984WinterITA
1309,1984,ITA,0.01818181818181818,Winter,1984WinterITA
1310,1988,ITA,0.03787878787878788,Winter,1988WinterITA
1311,1988,ITA,0.03787878787878788,Winter,1988WinterITA
1312,1992,ITA,0.09859154929577464,Winter,1992WinterITA
1313,1992,ITA,0.09859154929577464,Winter,1992WinterITA
1314,1994,ITA,0.1111111111111111,Winter,1994WinterITA
1316,1998,ITA,0.04950495049504951,Winter,1998WinterITA
1318,2002,ITA,0.055793991416309016,Winter,2002WinterITA
1320,2006,ITA,0.04365079365079365,Winter,2006WinterITA
1322,2010,ITA,0.01937984496124031,Winter,2010WinterITA
1324,2014,ITA,0.02711864406779661,Winter,2014WinterITA
1335,1928,JPN,0.0,Winter,1928WinterJPN
1336,1928,JPN,0.0,Winter,1928WinterJPN
1337,1932,JPN,0.0,Winter,1932WinterJPN
1338,1932,JPN,0.0,Winter,1932WinterJPN
1339,1936,JPN,0.0,Winter,1936WinterJPN
1340,1936,JPN,0.0,Winter,1936WinterJPN
1343,1952,JPN,0.0,Winter,1952WinterJPN
1344,1952,JPN,0.0,Winter,1952WinterJPN
1345,1956,JPN,0.014084507042253521,Winter,1956WinterJPN
1346,1956,JPN,0.014084507042253521,Winter,1956WinterJPN
1347,1960,JPN,0.0,Winter,1960WinterJPN
1348,1960,JPN,0.0,Winter,1960WinterJPN
1349,1964,JPN,0.0,Winter,1964WinterJPN
1350,1964,JPN,0.0,Winter,1964WinterJPN
1351,1968,JPN,0.0,Winter,1968WinterJPN
1352,1968,JPN,0.0,Winter,1968WinterJPN
1353,1972,JPN,0.029411764705882353,Winter,1972WinterJPN
1354,1972,JPN,0.029411764705882353,Winter,1972WinterJPN
1355,1976,JPN,0.0,Winter,1976WinterJPN
1356,1976,JPN,0.0,Winter,1976WinterJPN
1357,1980,JPN,0.008771929824561403,Winter,1980WinterJPN
1358,1980,JPN,0.008771929824561403,Winter,1980WinterJPN
1359,1984,JPN,0.00909090909090909,Winter,1984WinterJPN
1360,1984,JPN,0.00909090909090909,Winter,1984WinterJPN
1361,1988,JPN,0.007575757575757576,Winter,1988WinterJPN
1362,1988,JPN,0.007575757575757576,Winter,1988WinterJPN
1363,1992,JPN,0.04929577464788732,Winter,1992WinterJPN
1364,1992,JPN,0.04929577464788732,Winter,1992WinterJPN
1365,1994,JPN,0.027777777777777776,Winter,1994WinterJPN
1367,1998,JPN,0.04950495049504951,Winter,1998WinterJPN
1369,2002,JPN,0.008583690987124463,Winter,2002WinterJPN
1371,2006,JPN,0.003968253968253968,Winter,2006WinterJPN
1373,2010,JPN,0.01937984496124031,Winter,2010WinterJPN
1375,2014,JPN,0.02711864406779661,Winter,2014WinterJPN
1384,1924,AUT,0.05660377358490566,Winter,1924WinterAUT
1385,1924,AUT,0.05660377358490566,Winter,1924WinterAUT
1386,1928,AUT,0.1,Winter,1928WinterAUT
1387,1928,AUT,0.1,Winter,1928WinterAUT
1388,1932,AUT,0.047619047619047616,Winter,1932WinterAUT
1389,1932,AUT,0.047619047619047616,Winter,1932WinterAUT
1390,1936,AUT,0.0784313725490196,Winter,1936WinterAUT
1391,1936,AUT,0.0784313725490196,Winter,1936WinterAUT
1392,1948,AUT,0.12307692307692308,Winter,1948WinterAUT
1393,1948,AUT,0.12307692307692308,Winter,1948WinterAUT
1394,1952,AUT,0.11940298507462686,Winter,1952WinterAUT
1395,1952,AUT,0.11940298507462686,Winter,1952WinterAUT
1396,1956,AUT,0.15492957746478872,Winter,1956WinterAUT
1397,1956,AUT,0.15492957746478872,Winter,1956WinterAUT
1398,1960,AUT,0.075,Winter,1960WinterAUT
1399,1960,AUT,0.075,Winter,1960WinterAUT
1400,1964,AUT,0.11764705882352941,Winter,1964WinterAUT
1401,1964,AUT,0.11764705882352941,Winter,1964WinterAUT
1402,1968,AUT,0.11,Winter,1968WinterAUT
1403,1968,AUT,0.11,Winter,1968WinterAUT
1404,1972,AUT,0.049019607843137254,Winter,1972WinterAUT
1405,1972,AUT,0.049019607843137254,Winter,1972WinterAUT
1406,1976,AUT,0.05454545454545454,Winter,1976WinterAUT
1407,1976,AUT,0.05454545454545454,Winter,1976WinterAUT
1408,1980,AUT,0.06140350877192982,Winter,1980WinterAUT
1409,1980,AUT,0.06140350877192982,Winter,1980WinterAUT
1410,1984,AUT,0.00909090909090909,Winter,1984WinterAUT
1411,1984,AUT,0.00909090909090909,Winter,1984WinterAUT
1412,1988,AUT,0.07575757575757576,Winter,1988WinterAUT
1413,1988,AUT,0.07575757575757576,Winter,1988WinterAUT
1414,1992,AUT,0.14788732394366197,Winter,1992WinterAUT
1415,1992,AUT,0.14788732394366197,Winter,1992WinterAUT
1416,1994,AUT,0.05,Winter,1994WinterAUT
1418,1998,AUT,0.08415841584158416,Winter,1998WinterAUT
1420,2002,AUT,0.07296137339055794,Winter,2002WinterAUT
1422,2006,AUT,0.09126984126984126,Winter,2006WinterAUT
1424,2010,AUT,0.06201550387596899,Winter,2010WinterAUT
1426,2014,AUT,0.0576271186440678,Winter,2014WinterAUT
1435,1924,CAN,0.018867924528301886,Winter,1924WinterCAN
1436,1924,CAN,0.018867924528301886,Winter,1924WinterCAN
1437,1928,CAN,0.025,Winter,1928WinterCAN
1438,1928,CAN,0.025,Winter,1928WinterCAN
1439,1932,CAN,0.16666666666666666,Winter,1932WinterCAN
1440,1932,CAN,0.16666666666666666,Winter,1932WinterCAN
1441,1936,CAN,0.0196078431372549,Winter,1936WinterCAN
1442,1936,CAN,0.0196078431372549,Winter,1936WinterCAN
1443,1948,CAN,0.046153846153846156,Winter,1948WinterCAN
1444,1948,CAN,0.046153846153846156,Winter,1948WinterCAN
1445,1952,CAN,0.029850746268656716,Winter,1952WinterCAN
1446,1952,CAN,0.029850746268656716,Winter,1952WinterCAN
1447,1956,CAN,0.04225352112676056,Winter,1956WinterCAN
1448,1956,CAN,0.04225352112676056,Winter,1956WinterCAN
1449,1960,CAN,0.05,Winter,1960WinterCAN
1450,1960,CAN,0.05,Winter,1960WinterCAN
1451,1964,CAN,0.029411764705882353,Winter,1964WinterCAN
1452,1964,CAN,0.029411764705882353,Winter,1964WinterCAN
1453,1968,CAN,0.03,Winter,1968WinterCAN
1454,1968,CAN,0.03,Winter,1968WinterCAN
1455,1972,CAN,0.00980392156862745,Winter,1972WinterCAN
1456,1972,CAN,0.00980392156862745,Winter,1972WinterCAN
1457,1976,CAN,0.02727272727272727,Winter,1976WinterCAN
1458,1976,CAN,0.02727272727272727,Winter,1976WinterCAN
1459,1980,CAN,0.017543859649122806,Winter,1980WinterCAN
1460,1980,CAN,0.017543859649122806,Winter,1980WinterCAN
1461,1984,CAN,0.03636363636363636,Winter,1984WinterCAN
1462,1984,CAN,0.03636363636363636,Winter,1984WinterCAN
1463,1988,CAN,0.03787878787878788,Winter,1988WinterCAN
1464,1988,CAN,0.03787878787878788,Winter,1988WinterCAN
1465,1992,CAN,0.04929577464788732,Winter,1992WinterCAN
1466,1992,CAN,0.04929577464788732,Winter,1992WinterCAN
1467,1994,CAN,0.07222222222222222,Winter,1994WinterCAN
1469,1998,CAN,0.07425742574257425,Winter,1998WinterCAN
1471,2002,CAN,0.07296137339055794,Winter,2002WinterCAN
1473,2006,CAN,0.09523809523809523,Winter,2006WinterCAN
1475,2010,CAN,0.10077519379844961,Winter,2010WinterCAN
1477,2014,CAN,0.0847457627118644,Winter,2014WinterCAN
